Trade_Dt,Annl Fund ,Annl Benchmark,Ann'l Fund Vol,Ann'l Benchmark Vol,Max Drawdown - Fund,Max Drawdown - Bench Mark,Sharpe - Fund,Sharpe - Benchmark,Sortino - Fund,Sortino - Benchmark
01-02-2017,-18.26%,-0.105532459,3.20%,0.098661054,0.00%,0.00%,-1.6,-1.6,-2.25,-2.25
01-03-2017,-51.34%,1.46417734,4.75%,0.090603398,0.50%,0.50%,-4.58,-4.58,-6.44,-6.44
01-04-2017,79.67%,1.44630114,14.77%,0.064072206,0.50%,0.50%,6.86,6.86,9.64,9.64
01-05-2017,334.72%,3.101003849,16.45%,0.083866368,0.50%,0.50%,29.02,29.02,40.78,40.78
01-06-2017,281.08%,1.987730678,14.37%,0.085333957,0.50%,0.50%,24.45,24.45,34.37,34.37
01-09-2017,101.32%,1.191553664,16.21%,0.090123886,0.99%,0.99%,8.72,8.72,12.26,12.26
01-10-2017,92.78%,1.634608083,14.82%,0.087841364,0.99%,0.99%,7.98,7.98,11.22,11.22
01-11-2017,96.04%,1.424136666,13.72%,0.082687179,0.99%,0.99%,8.28,8.28,11.64,11.64
01-12-2017,100.74%,1.99845636,12.84%,0.087268736,0.99%,0.99%,8.7,8.7,12.23,12.23
1/13/2017,63.50%,1.637984494,12.79%,0.086176741,0.99%,0.99%,5.43,5.43,7.63,7.63
1/16/2017,16.80%,1.024790946,14.00%,0.098661054,1.96%,1.96%,1.37,1.37,1.93,1.93
1/17/2017,12.44%,1.186692483,13.38%,0.095555172,2.07%,2.07%,1,1,1.41,1.41
1/18/2017,22.91%,1.19764786,12.96%,0.09149332,2.07%,2.07%,1.9,1.9,2.67,2.67
1/19/2017,26.40%,0.941971042,12.47%,0.092629578,2.07%,2.07%,2.22,2.22,3.12,3.12
1/20/2017,27.15%,0.815329383,12.02%,0.090777375,2.07%,2.07%,2.27,2.27,3.19,3.19
1/23/2017,41.75%,1.044178726,11.93%,0.092701721,2.07%,2.07%,3.55,3.55,4.99,4.99
1/24/2017,81.94%,1.180535957,13.27%,0.091315832,2.07%,2.07%,7.04,7.04,9.9,9.9
1/25/2017,89.96%,1.205140178,12.92%,0.088638512,2.07%,2.07%,7.75,7.75,10.89,10.89
1/26/2017,89.56%,1.261362703,12.56%,0.086416094,2.07%,2.07%,7.72,7.72,10.84,10.84
1/27/2017,95.63%,1.146915547,12.25%,0.085385806,2.07%,2.07%,8.24,8.24,11.58,11.58
1/30/2017,75.52%,0.994740827,12.35%,0.085898767,2.07%,2.07%,6.49,6.49,9.13,9.13
1/31/2017,71.47%,0.841945525,12.07%,0.087080823,2.07%,2.07%,6.15,6.15,8.64,8.64
02-01-2017,88.18%,0.877324945,12.12%,0.085270718,2.07%,2.07%,7.6,7.6,10.68,10.68
02-02-2017,76.85%,0.876085183,12.01%,0.083396779,2.07%,2.07%,6.61,6.61,9.29,9.29
02-03-2017,72.86%,0.904922577,11.78%,0.081780579,2.07%,2.07%,6.26,6.26,8.8,8.8
02-06-2017,81.61%,0.940827845,11.65%,0.08035108,2.07%,2.07%,7.02,7.02,9.87,9.87
02-07-2017,74.40%,0.835586739,11.50%,0.080883398,2.07%,2.07%,6.4,6.4,9,9
02-08-2017,74.18%,0.829400126,11.29%,0.079379979,2.07%,2.07%,6.37,6.37,8.95,8.95
02-09-2017,71.02%,0.858869176,11.10%,0.07813666,2.07%,2.07%,6.1,6.1,8.57,8.57
02-10-2017,80.59%,0.898349977,11.07%,0.077118696,2.07%,2.07%,6.93,6.93,9.74,9.74
2/13/2017,80.84%,0.947735227,10.88%,0.076356234,2.07%,2.07%,6.96,6.96,9.78,9.78
2/14/2017,72.13%,0.885763257,10.85%,0.075998999,2.07%,2.07%,6.2,6.2,8.71,8.71
2/15/2017,72.49%,0.969795384,10.68%,0.076458964,2.07%,2.07%,6.22,6.22,8.75,8.75
2/16/2017,72.81%,0.991152465,10.52%,0.075394817,2.07%,2.07%,6.26,6.26,8.79,8.79
2/17/2017,69.00%,0.857152886,10.39%,0.078676664,2.07%,2.07%,5.93,5.93,8.33,8.33
2/20/2017,69.06%,0.888337445,10.24%,0.077798884,2.07%,2.07%,5.93,5.93,8.33,8.33
2/21/2017,69.01%,0.887228213,10.10%,0.076711162,2.07%,2.07%,5.92,5.92,8.32,8.32
2/22/2017,64.05%,0.926515213,10.03%,0.076089602,2.07%,2.07%,5.49,5.49,7.71,7.71
2/23/2017,64.72%,0.909528115,9.90%,0.07516418,2.07%,2.07%,5.55,5.55,7.8,7.8
2/24/2017,59.39%,0.775041697,9.86%,0.079671565,2.07%,2.07%,5.09,5.09,7.15,7.15
2/27/2017,61.77%,0.714574272,9.75%,0.079905885,2.07%,2.07%,5.3,5.3,7.44,7.44
2/28/2017,55.71%,0.650860109,9.76%,0.080428059,2.07%,2.07%,4.77,4.77,6.7,6.7
03-01-2017,52.53%,0.65502277,9.68%,0.079471261,2.07%,2.07%,4.49,4.49,6.31,6.31
03-02-2017,46.15%,0.61664291,9.73%,0.079154859,2.07%,2.07%,3.93,3.93,5.53,5.53
03-03-2017,45.15%,0.549164259,9.63%,0.080296399,2.07%,2.07%,3.84,3.84,5.4,5.4
03-06-2017,49.60%,0.565622008,9.61%,0.079526506,2.07%,2.07%,4.23,4.23,5.95,5.95
03-07-2017,47.15%,0.569179295,9.53%,0.078663119,2.07%,2.07%,4.02,4.02,5.65,5.65
03-08-2017,40.28%,0.541406893,9.65%,0.078213861,2.07%,2.07%,3.42,3.42,4.81,4.81
03-09-2017,37.12%,0.430754309,9.60%,0.084017357,2.07%,2.07%,3.15,3.15,4.42,4.42
03-10-2017,41.17%,0.445668274,9.59%,0.083282733,2.07%,2.07%,3.49,3.49,4.91,4.91
3/13/2017,43.94%,0.532597652,9.54%,0.086579546,2.07%,2.07%,3.74,3.74,5.25,5.25
3/14/2017,51.50%,0.532246779,9.73%,0.085726633,2.07%,2.07%,4.4,4.4,6.18,6.18
3/15/2017,60.07%,0.54821701,9.96%,0.085030402,2.07%,2.07%,5.14,5.14,7.23,7.23
3/16/2017,65.99%,0.691967208,10.01%,0.093909462,2.07%,2.07%,5.66,5.66,7.96,7.96
3/17/2017,70.98%,0.69483668,10.01%,0.093038945,2.07%,2.07%,6.09,6.09,8.56,8.56
3/20/2017,67.33%,0.732865851,9.97%,0.092782201,2.07%,2.07%,5.78,5.78,8.12,8.12
3/21/2017,67.33%,0.721961959,9.88%,0.092000352,2.07%,2.07%,5.77,5.77,8.11,8.11
3/22/2017,58.17%,0.661736985,10.16%,0.092775658,2.07%,2.07%,4.98,4.98,6.99,6.99
3/23/2017,58.77%,0.655237105,10.07%,0.09199272,2.07%,2.07%,5.03,5.03,7.07,7.07
3/24/2017,61.87%,0.650414344,10.03%,0.091221471,2.07%,2.07%,5.3,5.3,7.44,7.44
3/27/2017,59.88%,0.613372161,9.97%,0.091147932,2.07%,2.07%,5.13,5.13,7.2,7.2
3/28/2017,59.20%,0.632451653,9.89%,0.090584782,2.07%,2.07%,5.07,5.07,7.12,7.12
3/29/2017,62.24%,0.632292889,9.85%,0.089851326,2.07%,2.07%,5.33,5.33,7.49,7.49
3/30/2017,62.77%,0.605374015,9.77%,0.089531234,2.07%,2.07%,5.38,5.38,7.55,7.55
3/31/2017,60.39%,0.524275855,9.73%,0.092621203,2.07%,2.07%,5.17,5.17,7.27,7.27
04-03-2017,62.78%,0.55647556,9.68%,0.09252823,2.07%,2.07%,5.38,5.38,7.56,7.56
04-04-2017,62.40%,0.547023821,9.61%,0.091879494,2.07%,2.07%,5.35,5.35,7.51,7.51
04-05-2017,68.34%,0.562214815,9.72%,0.091331513,2.07%,2.07%,5.86,5.86,8.24,8.24
04-06-2017,66.71%,0.517834449,9.66%,0.091902943,2.07%,2.07%,5.72,5.72,8.04,8.04
04-07-2017,72.01%,0.499596457,9.73%,0.091458914,2.07%,2.07%,6.18,6.18,8.69,8.69
04-10-2017,71.27%,0.471420848,9.67%,0.091361941,2.07%,2.07%,6.12,6.12,8.6,8.6
04-11-2017,69.54%,0.44526043,9.61%,0.091223797,2.07%,2.07%,5.97,5.97,8.39,8.39
04-12-2017,69.72%,0.458002397,9.55%,0.090710296,2.07%,2.07%,5.98,5.98,8.41,8.41
4/13/2017,66.45%,0.475147252,9.54%,0.090308673,2.07%,2.07%,5.7,5.7,8.01,8.01
4/14/2017,64.99%,0.455206083,9.49%,0.090005315,2.07%,2.07%,5.57,5.57,7.83,7.83
4/17/2017,62.65%,0.459755271,9.46%,0.089419212,2.07%,2.07%,5.36,5.36,7.54,7.54
4/18/2017,60.89%,0.428277926,9.41%,0.089643414,2.07%,2.07%,5.21,5.21,7.33,7.33
4/19/2017,59.65%,0.399252277,9.36%,0.089789985,2.07%,2.07%,5.1,5.1,7.17,7.17
4/20/2017,60.95%,0.419342928,9.31%,0.089568957,2.07%,2.07%,5.22,5.22,7.33,7.33
4/21/2017,59.73%,0.429153705,9.26%,0.089084056,2.07%,2.07%,5.11,5.11,7.18,7.18
4/24/2017,64.59%,0.469050501,9.36%,0.089902474,2.07%,2.07%,5.54,5.54,7.78,7.78
4/25/2017,68.22%,0.515108347,9.39%,0.091081744,2.07%,2.07%,5.85,5.85,8.22,8.22
4/26/2017,69.62%,0.507215276,9.34%,0.0905753,2.07%,2.07%,5.97,5.97,8.4,8.4
4/27/2017,66.32%,0.48715315,9.35%,0.090361802,2.07%,2.07%,5.69,5.69,7.99,7.99
4/28/2017,66.28%,0.472782668,9.30%,0.090000886,2.07%,2.07%,5.68,5.68,7.98,7.98
05-01-2017,65.75%,0.474090092,9.25%,0.089471256,2.07%,2.07%,5.64,5.64,7.92,7.92
05-02-2017,69.04%,0.505372425,9.27%,0.089806378,2.07%,2.07%,5.92,5.92,8.32,8.32
05-03-2017,67.47%,0.488258061,9.23%,0.089545873,2.07%,2.07%,5.79,5.79,8.13,8.13
05-04-2017,63.49%,0.45809069,9.29%,0.089863759,2.07%,2.07%,5.44,5.44,7.64,7.64
05-05-2017,62.14%,0.444773862,9.25%,0.089527125,2.07%,2.07%,5.32,5.32,7.48,7.48
05-08-2017,63.02%,0.467253489,9.20%,0.089511893,2.07%,2.07%,5.4,5.4,7.59,7.59
05-09-2017,64.44%,0.483916334,9.17%,0.089279706,2.07%,2.07%,5.52,5.52,7.76,7.76
05-10-2017,65.23%,0.495900945,9.12%,0.088926936,2.07%,2.07%,5.59,5.59,7.86,7.86
05-11-2017,69.37%,0.510731311,9.20%,0.088652213,2.07%,2.07%,5.95,5.95,8.36,8.36
05-12-2017,69.98%,0.512457999,9.15%,0.088182001,2.07%,2.07%,6,6,8.44,8.44
5/15/2017,74.03%,0.537453156,9.22%,0.088300855,2.07%,2.07%,6.36,6.36,8.94,8.94
5/16/2017,72.46%,0.550049979,9.19%,0.087985059,2.07%,2.07%,6.22,6.22,8.74,8.74
5/17/2017,67.84%,0.518353123,9.30%,0.088472826,2.07%,2.07%,5.82,5.82,8.18,8.18
5/18/2017,54.24%,0.435999572,10.63%,0.094596476,4.00%,4.00%,4.63,4.63,6.51,6.51
5/19/2017,57.66%,0.458135191,10.66%,0.09461109,4.00%,4.00%,4.93,4.93,6.93,6.93
5/22/2017,53.44%,0.482285323,10.75%,0.094711963,4.00%,4.00%,4.56,4.56,6.41,6.41
5/23/2017,50.68%,0.479812484,10.76%,0.094248244,4.42%,4.42%,4.32,4.32,6.07,6.07
5/24/2017,49.95%,0.476345365,10.71%,0.09379756,4.45%,4.45%,4.26,4.26,5.98,5.98
5/25/2017,52.05%,0.504923928,10.69%,0.094155633,4.45%,4.45%,4.44,4.44,6.24,6.24
5/26/2017,53.07%,0.508207888,10.65%,0.093712073,4.45%,4.45%,4.53,4.53,6.37,6.37
5/29/2017,51.97%,0.496214655,10.61%,0.09340985,4.45%,4.45%,4.43,4.43,6.23,6.23
5/30/2017,48.82%,0.478881905,10.65%,0.093279324,4.45%,4.45%,4.16,4.16,5.84,5.84
5/31/2017,49.24%,0.452306658,10.60%,0.093598069,4.45%,4.45%,4.2,4.2,5.9,5.9
06-01-2017,49.83%,0.458333223,10.55%,0.093202964,4.45%,4.45%,4.25,4.25,5.97,5.97
06-02-2017,50.40%,0.476165299,10.51%,0.093121935,4.45%,4.45%,4.3,4.3,6.04,6.04
06-05-2017,52.48%,0.479566326,10.50%,0.0927099,4.45%,4.45%,4.48,4.48,6.29,6.29
06-06-2017,49.98%,0.469159566,10.51%,0.09241252,4.45%,4.45%,4.26,4.26,5.99,5.99
06-07-2017,50.03%,0.464001187,10.46%,0.092029874,4.45%,4.45%,4.26,4.26,5.99,5.99
06-08-2017,52.27%,0.470559072,10.47%,0.091670498,4.45%,4.45%,4.46,4.46,6.27,6.27
06-09-2017,53.12%,0.46294072,10.43%,0.09133596,4.45%,4.45%,4.53,4.53,6.37,6.37
06-12-2017,51.55%,0.42974771,10.40%,0.092255675,4.45%,4.45%,4.4,4.4,6.18,6.18
6/13/2017,52.90%,0.429371923,10.38%,0.091857387,4.45%,4.45%,4.51,4.51,6.34,6.34
6/14/2017,54.22%,0.437006543,10.35%,0.091536025,4.45%,4.45%,4.63,4.63,6.5,6.5
6/15/2017,52.81%,0.402955498,10.32%,0.092617029,4.45%,4.45%,4.51,4.51,6.33,6.33
6/16/2017,52.38%,0.397607914,10.28%,0.092265439,4.45%,4.45%,4.47,4.47,6.28,6.28
6/19/2017,51.69%,0.42256146,10.24%,0.092700807,4.45%,4.45%,4.41,4.41,6.2,6.2
6/20/2017,48.91%,0.406618671,10.28%,0.09265059,4.45%,4.45%,4.17,4.17,5.85,5.85
6/21/2017,47.38%,0.39664705,10.27%,0.092405066,4.45%,4.45%,4.03,4.03,5.67,5.67
6/22/2017,47.49%,0.402350679,10.23%,0.092072528,4.45%,4.45%,4.04,4.04,5.68,5.68
6/23/2017,45.34%,0.406633128,10.24%,0.091725211,4.45%,4.45%,3.85,3.85,5.42,5.42
6/26/2017,46.22%,0.427927346,10.20%,0.091976856,4.45%,4.45%,3.93,3.93,5.52,5.52
6/27/2017,45.83%,0.417386792,10.16%,0.091763219,4.45%,4.45%,3.9,3.9,5.48,5.48
6/28/2017,45.99%,0.401466911,10.13%,0.091756054,4.45%,4.45%,3.91,3.91,5.49,5.49
6/29/2017,45.00%,0.404031826,10.10%,0.091405996,4.45%,4.45%,3.82,3.82,5.37,5.37
6/30/2017,45.70%,0.391970655,10.06%,0.091262825,4.45%,4.45%,3.88,3.88,5.46,5.46
07-03-2017,47.92%,0.40009706,10.08%,0.091007464,4.45%,4.45%,4.08,4.08,5.73,5.73
07-04-2017,46.77%,0.377156585,10.06%,0.091442791,4.45%,4.45%,3.98,3.98,5.59,5.59
07-05-2017,47.37%,0.382565985,10.03%,0.091139766,4.45%,4.45%,4.03,4.03,5.66,5.66
07-06-2017,48.05%,0.372261824,10.00%,0.09096133,4.45%,4.45%,4.09,4.09,5.75,5.75
07-07-2017,48.38%,0.360260778,9.96%,0.090850138,4.45%,4.45%,4.12,4.12,5.78,5.78
07-10-2017,47.62%,0.374795263,9.93%,0.090850026,4.45%,4.45%,4.05,4.05,5.69,5.69
07-11-2017,47.62%,0.394650079,9.89%,0.09113454,4.45%,4.45%,4.05,4.05,5.69,5.69
07-12-2017,49.56%,0.421296637,9.91%,0.091885698,4.45%,4.45%,4.22,4.22,5.93,5.93
7/13/2017,51.82%,0.446581605,9.93%,0.092492632,4.45%,4.45%,4.42,4.42,6.21,6.21
7/14/2017,51.76%,0.458873992,9.90%,0.092374984,4.45%,4.45%,4.41,4.41,6.2,6.2
7/17/2017,51.10%,0.466496451,9.87%,0.092126527,4.45%,4.45%,4.35,4.35,6.12,6.12
7/18/2017,52.41%,0.467265927,9.85%,0.09180001,4.45%,4.45%,4.47,4.47,6.28,6.28
7/19/2017,52.21%,0.481305691,9.82%,0.091757715,4.45%,4.45%,4.45,4.45,6.25,6.25
7/20/2017,50.58%,0.475619915,9.82%,0.091483266,4.45%,4.45%,4.31,4.31,6.05,6.05
7/21/2017,51.41%,0.473881267,9.79%,0.091169675,4.45%,4.45%,4.38,4.38,6.16,6.16
7/24/2017,51.13%,0.479907689,9.76%,0.090907381,4.45%,4.45%,4.36,4.36,6.12,6.12
7/25/2017,51.44%,0.470057371,9.73%,0.090740078,4.45%,4.45%,4.38,4.38,6.16,6.16
7/26/2017,51.66%,0.467902163,9.70%,0.090438183,4.45%,4.45%,4.4,4.4,6.19,6.19
7/27/2017,50.96%,0.479879975,9.67%,0.090348746,4.45%,4.45%,4.34,4.34,6.1,6.1
7/28/2017,50.90%,0.46215304,9.64%,0.090523986,4.45%,4.45%,4.34,4.34,6.09,6.09
7/31/2017,52.66%,0.466122555,9.65%,0.09024577,4.45%,4.45%,4.49,4.49,6.31,6.31
08-01-2017,51.90%,0.469013674,9.62%,0.089959164,4.45%,4.45%,4.42,4.42,6.21,6.21
08-02-2017,53.12%,0.467751882,9.61%,0.089665419,4.45%,4.45%,4.53,4.53,6.36,6.36
08-03-2017,51.52%,0.451214001,9.61%,0.089810144,4.45%,4.45%,4.39,4.39,6.17,6.17
08-04-2017,51.82%,0.454998991,9.58%,0.089541029,4.45%,4.45%,4.42,4.42,6.2,6.2
08-07-2017,52.85%,0.469548815,9.57%,0.089595797,4.45%,4.45%,4.51,4.51,6.33,6.33
08-08-2017,52.44%,0.473117037,9.54%,0.089328347,4.45%,4.45%,4.47,4.47,6.28,6.28
08-09-2017,49.67%,0.448935446,9.62%,0.089998679,4.45%,4.45%,4.23,4.23,5.94,5.94
08-10-2017,45.51%,0.41886104,9.84%,0.091235437,4.45%,4.45%,3.86,3.86,5.43,5.43
08-11-2017,43.96%,0.38773264,9.85%,0.092634829,4.45%,4.45%,3.73,3.73,5.24,5.24
8/14/2017,45.26%,0.407577662,9.85%,0.093045244,4.45%,4.45%,3.84,3.84,5.4,5.4
8/15/2017,44.52%,0.402461992,9.82%,0.092802451,4.45%,4.45%,3.78,3.78,5.31,5.31
8/16/2017,46.51%,0.415763957,9.86%,0.09282759,4.45%,4.45%,3.95,3.95,5.55,5.55
8/17/2017,45.73%,0.419258096,9.83%,0.092563409,4.45%,4.45%,3.88,3.88,5.46,5.46
8/18/2017,46.26%,0.408598705,9.81%,0.092483128,4.45%,4.45%,3.93,3.93,5.52,5.52
8/21/2017,45.22%,0.414067519,9.80%,0.092255647,4.45%,4.45%,3.84,3.84,5.39,5.39
8/22/2017,45.34%,0.428987664,9.77%,0.092375308,4.45%,4.45%,3.85,3.85,5.41,5.41
8/23/2017,45.16%,0.432322952,9.74%,0.092117651,4.45%,4.45%,3.83,3.83,5.39,5.39
8/24/2017,44.73%,0.442972594,9.71%,0.092043429,4.45%,4.45%,3.8,3.8,5.33,5.33
8/25/2017,44.07%,0.445665722,9.69%,0.091783201,4.45%,4.45%,3.74,3.74,5.25,5.25
8/28/2017,44.54%,0.44203694,9.67%,0.091536755,4.45%,4.45%,3.78,3.78,5.31,5.31
8/29/2017,43.25%,0.431547965,9.67%,0.091468679,4.45%,4.45%,3.67,3.67,5.15,5.15
8/30/2017,44.42%,0.441699672,9.66%,0.091390306,4.45%,4.45%,3.77,3.77,5.3,5.3
8/31/2017,43.92%,0.439831807,9.64%,0.091132406,4.45%,4.45%,3.72,3.72,5.23,5.23
09-01-2017,43.55%,0.443870851,9.61%,0.090899776,4.45%,4.45%,3.69,3.69,5.19,5.19
09-04-2017,42.73%,0.425951825,9.60%,0.091237319,4.45%,4.45%,3.62,3.62,5.09,5.09
09-05-2017,42.67%,0.42613768,9.57%,0.090977797,4.45%,4.45%,3.62,3.62,5.08,5.08
09-06-2017,42.57%,0.420432241,9.54%,0.090783691,4.45%,4.45%,3.61,3.61,5.07,5.07
09-07-2017,44.13%,0.430787586,9.56%,0.090735429,4.45%,4.45%,3.74,3.74,5.26,5.26
09-08-2017,44.94%,0.429966967,9.55%,0.09048303,4.45%,4.45%,3.81,3.81,5.36,5.36
09-11-2017,45.47%,0.442054779,9.52%,0.090513919,4.45%,4.45%,3.86,3.86,5.42,5.42
09-12-2017,45.31%,0.444808973,9.50%,0.090277821,4.45%,4.45%,3.85,3.85,5.4,5.4
9/13/2017,44.60%,0.437285526,9.48%,0.090140164,4.45%,4.45%,3.78,3.78,5.32,5.32
9/14/2017,44.76%,0.435427862,9.46%,0.08990058,4.45%,4.45%,3.8,3.8,5.34,5.34
9/15/2017,45.16%,0.436737543,9.43%,0.089659209,4.45%,4.45%,3.83,3.83,5.39,5.39
9/18/2017,46.46%,0.453112799,9.44%,0.089949051,4.45%,4.45%,3.94,3.94,5.54,5.54
9/19/2017,46.04%,0.444446042,9.42%,0.089855663,4.45%,4.45%,3.91,3.91,5.49,5.49
9/20/2017,45.23%,0.446004218,9.40%,0.089619751,4.45%,4.45%,3.84,3.84,5.39,5.39
9/21/2017,43.97%,0.436491466,9.41%,0.089564475,4.45%,4.45%,3.73,3.73,5.24,5.24
9/22/2017,43.99%,0.423639043,9.39%,0.089667715,4.45%,4.45%,3.73,3.73,5.24,5.24
9/25/2017,41.59%,0.397319767,9.47%,0.090881897,4.45%,4.45%,3.52,3.52,4.95,4.95
9/26/2017,41.24%,0.381212934,9.45%,0.091205465,4.45%,4.45%,3.49,3.49,4.91,4.91
9/27/2017,39.51%,0.376451074,9.49%,0.091018455,4.45%,4.45%,3.34,3.34,4.69,4.69
9/28/2017,39.36%,0.3643459,9.46%,0.091112775,4.45%,4.45%,3.33,3.33,4.67,4.67
9/29/2017,40.75%,0.377698268,9.48%,0.091282854,4.45%,4.45%,3.45,3.45,4.85,4.85
10-02-2017,41.51%,0.377536515,9.47%,0.091048577,4.45%,4.45%,3.51,3.51,4.94,4.94
10-03-2017,42.47%,0.398217407,9.46%,0.0917776,4.45%,4.45%,3.6,3.6,5.06,5.06
10-04-2017,42.85%,0.403854829,9.44%,0.091613496,4.45%,4.45%,3.63,3.63,5.1,5.1
10-05-2017,41.26%,0.402934383,9.47%,0.091383839,4.45%,4.45%,3.49,3.49,4.91,4.91
10-06-2017,40.81%,0.401159132,9.45%,0.091161164,4.45%,4.45%,3.45,3.45,4.85,4.85
10-09-2017,40.37%,0.394596378,9.43%,0.091030336,4.45%,4.45%,3.41,3.41,4.8,4.8
10-10-2017,41.07%,0.411518144,9.42%,0.091449138,4.45%,4.45%,3.48,3.48,4.88,4.88
10-11-2017,40.30%,0.41671704,9.41%,0.091281832,4.45%,4.45%,3.41,3.41,4.79,4.79
10-12-2017,40.40%,0.421064578,9.38%,0.091098113,4.45%,4.45%,3.42,3.42,4.8,4.8
10/13/2017,40.57%,0.42532811,9.36%,0.09091439,4.45%,4.45%,3.43,3.43,4.82,4.82
10/16/2017,41.00%,0.432027021,9.34%,0.090791224,4.45%,4.45%,3.47,3.47,4.87,4.87
10/17/2017,40.08%,0.420116042,9.34%,0.090886623,4.45%,4.45%,3.39,3.39,4.76,4.76
10/18/2017,39.34%,0.419693159,9.33%,0.090667284,4.45%,4.45%,3.32,3.32,4.67,4.67
10/19/2017,38.45%,0.402152605,9.33%,0.091151859,4.45%,4.45%,3.25,3.25,4.56,4.56
10/20/2017,38.33%,0.404120885,9.30%,0.09094233,4.45%,4.45%,3.24,3.24,4.55,4.55
10/23/2017,38.15%,0.396200189,9.28%,0.09087381,4.45%,4.45%,3.22,3.22,4.52,4.52
10/24/2017,37.71%,0.390198978,9.26%,0.090744953,4.45%,4.45%,3.18,3.18,4.47,4.47
10/25/2017,37.71%,0.389213157,9.24%,0.090533162,4.45%,4.45%,3.18,3.18,4.47,4.47
10/26/2017,36.15%,0.378394197,9.28%,0.09060754,4.45%,4.45%,3.05,3.05,4.28,4.28
10/27/2017,36.61%,0.379344871,9.26%,0.09039772,4.45%,4.45%,3.08,3.08,4.34,4.34
10/30/2017,36.47%,0.385000977,9.24%,0.090266542,4.45%,4.45%,3.07,3.07,4.32,4.32
10/31/2017,36.60%,0.388207248,9.22%,0.090082613,4.45%,4.45%,3.08,3.08,4.33,4.33
11-01-2017,36.15%,0.400297686,9.21%,0.090238106,4.45%,4.45%,3.05,3.05,4.28,4.28
11-02-2017,36.64%,0.395828409,9.19%,0.090080775,4.45%,4.45%,3.09,3.09,4.34,4.34
11-03-2017,35.03%,0.392154408,9.24%,0.089909091,4.45%,4.45%,2.95,2.95,4.14,4.14
11-06-2017,36.05%,0.396904015,9.24%,0.089760918,4.45%,4.45%,3.04,3.04,4.27,4.27
11-07-2017,34.47%,0.399751529,9.28%,0.089577732,4.45%,4.45%,2.9,2.9,4.07,4.07
11-08-2017,35.39%,0.397847522,9.29%,0.089385181,4.45%,4.45%,2.98,2.98,4.19,4.19
11-09-2017,35.58%,0.394604722,9.27%,0.089211846,4.45%,4.45%,2.99,2.99,4.21,4.21
11-10-2017,33.26%,0.385307481,9.39%,0.089237035,4.45%,4.45%,2.79,2.79,3.92,3.92
11/13/2017,32.75%,0.376265096,9.37%,0.089254677,4.45%,4.45%,2.75,2.75,3.86,3.86
11/14/2017,31.71%,0.367622647,9.38%,0.089257941,4.45%,4.45%,2.66,2.66,3.73,3.73
11/15/2017,32.39%,0.356071748,9.37%,0.089425405,4.45%,4.45%,2.72,2.72,3.82,3.82
11/16/2017,33.92%,0.37338362,9.42%,0.090053945,4.45%,4.45%,2.85,2.85,4.01,4.01
11/17/2017,35.00%,0.386330887,9.43%,0.090306423,4.45%,4.45%,2.94,2.94,4.14,4.14
11/20/2017,34.15%,0.383906507,9.43%,0.090125802,4.45%,4.45%,2.87,2.87,4.03,4.03
11/21/2017,35.34%,0.401693142,9.45%,0.090771136,4.45%,4.45%,2.97,2.97,4.18,4.18
11/22/2017,35.91%,0.407190851,9.44%,0.090653266,4.45%,4.45%,3.02,3.02,4.25,4.25
11/23/2017,35.97%,0.399569552,9.42%,0.090610389,4.45%,4.45%,3.03,3.03,4.26,4.26
11/24/2017,36.05%,0.399983636,9.40%,0.09041697,4.45%,4.45%,3.03,3.03,4.26,4.26
11/27/2017,36.77%,0.385212249,9.39%,0.090804122,4.45%,4.45%,3.1,3.1,4.35,4.35
11/28/2017,36.62%,0.386110091,9.37%,0.090613607,4.45%,4.45%,3.09,3.09,4.34,4.34
11/29/2017,36.19%,0.377803098,9.36%,0.090611236,4.45%,4.45%,3.05,3.05,4.28,4.28
11/30/2017,34.89%,0.349849076,9.38%,0.092565472,4.45%,4.45%,2.93,2.93,4.12,4.12
12-01-2017,34.23%,0.342037298,9.38%,0.092545629,4.45%,4.45%,2.88,2.88,4.04,4.04
12-04-2017,33.11%,0.348037766,9.39%,0.092455479,4.45%,4.45%,2.78,2.78,3.9,3.9
12-05-2017,32.52%,0.341068732,9.38%,0.092403755,4.45%,4.45%,2.73,2.73,3.83,3.83
12-06-2017,32.54%,0.319019872,9.36%,0.093622379,4.45%,4.45%,2.73,2.73,3.83,3.83
12-07-2017,32.61%,0.316738521,9.34%,0.093445399,4.45%,4.45%,2.73,2.73,3.84,3.84
12-08-2017,33.63%,0.327847884,9.35%,0.093623211,4.45%,4.45%,2.82,2.82,3.97,3.97
12-11-2017,33.74%,0.337580796,9.34%,0.093711426,4.45%,4.45%,2.83,2.83,3.98,3.98
12-12-2017,32.45%,0.326792174,9.37%,0.093863395,4.45%,4.45%,2.72,2.72,3.82,3.82
12/13/2017,32.69%,0.33309196,9.35%,0.093790924,4.45%,4.45%,2.74,2.74,3.85,3.85
12/14/2017,32.45%,0.334477075,9.33%,0.093607158,4.45%,4.45%,2.72,2.72,3.82,3.82
12/15/2017,33.11%,0.329764461,9.33%,0.093486007,4.45%,4.45%,2.78,2.78,3.9,3.9
12/18/2017,34.76%,0.342454188,9.39%,0.093783003,4.45%,4.45%,2.92,2.92,4.1,4.1
12/19/2017,35.75%,0.34325154,9.40%,0.093597778,4.45%,4.45%,3.01,3.01,4.23,4.23
12/20/2017,35.32%,0.342490042,9.39%,0.093413721,4.45%,4.45%,2.97,2.97,4.17,4.17
12/21/2017,35.13%,0.343069991,9.37%,0.093229859,4.45%,4.45%,2.95,2.95,4.15,4.15
12/22/2017,34.93%,0.349532469,9.35%,0.093171381,4.45%,4.45%,2.94,2.94,4.12,4.12
12/25/2017,34.97%,0.347974592,9.33%,0.092996024,4.45%,4.45%,2.94,2.94,4.13,4.13
12/26/2017,34.85%,0.343837401,9.32%,0.092866638,4.45%,4.45%,2.93,2.93,4.11,4.11
12/27/2017,35.16%,0.351056324,9.30%,0.092844437,4.45%,4.45%,2.95,2.95,4.15,4.15
12/28/2017,35.57%,0.360044081,9.29%,0.092908839,4.45%,4.45%,2.99,2.99,4.2,4.2
12/29/2017,36.35%,0.364009644,9.29%,0.092776174,4.45%,4.45%,3.06,3.06,4.3,4.3
01-01-2018,36.16%,0.361355444,9.27%,0.09261917,4.45%,4.45%,3.04,3.04,4.27,4.27
01-02-2018,36.31%,0.383019384,9.25%,0.093856292,4.45%,4.45%,3.05,3.05,4.29,4.29
01-03-2018,36.14%,0.388358948,9.24%,0.093759513,4.45%,4.45%,3.04,3.04,4.27,4.27
01-04-2018,36.30%,0.395960954,9.22%,0.093748226,4.45%,4.45%,3.05,3.05,4.29,4.29
01-05-2018,36.56%,0.403624304,9.21%,0.093739173,4.45%,4.45%,3.08,3.08,4.32,4.32
01-08-2018,36.38%,0.408351645,9.19%,0.093625664,4.45%,4.45%,3.06,3.06,4.3,4.3
01-09-2018,35.94%,0.404646984,9.18%,0.093489319,4.45%,4.45%,3.02,3.02,4.25,4.25
01-10-2018,34.58%,0.39460594,9.22%,0.093606794,4.45%,4.45%,2.9,2.9,4.08,4.08
01-11-2018,34.15%,0.392317124,9.21%,0.093447722,4.45%,4.45%,2.87,2.87,4.03,4.03
01-12-2018,33.66%,0.402713396,9.20%,0.093593172,4.45%,4.45%,2.82,2.82,3.97,3.97
1/15/2018,33.99%,0.403631848,9.19%,0.093422045,4.45%,4.45%,2.85,2.85,4.01,4.01
1/16/2018,33.44%,0.409631749,9.18%,0.09335474,4.45%,4.45%,2.8,2.8,3.94,3.94
1/17/2018,33.69%,0.412931519,9.16%,0.093214483,4.45%,4.45%,2.82,2.82,3.97,3.97
1/18/2018,33.26%,0.416370606,9.15%,0.093077868,4.45%,4.45%,2.79,2.79,3.92,3.92
1/19/2018,33.23%,0.419946602,9.14%,0.092944939,4.45%,4.45%,2.78,2.78,3.91,3.91
1/22/2018,32.62%,0.424380487,9.13%,0.092832933,4.45%,4.45%,2.73,2.73,3.84,3.84
1/23/2018,31.74%,0.437066915,9.14%,0.093134018,4.45%,4.45%,2.65,2.65,3.73,3.73
1/24/2018,32.62%,0.441808834,9.15%,0.093029934,4.45%,4.45%,2.73,2.73,3.84,3.84
1/25/2018,32.62%,0.444786597,9.14%,0.092887587,4.45%,4.45%,2.73,2.73,3.84,3.84
1/26/2018,32.91%,0.45282582,9.12%,0.092905933,4.45%,4.45%,2.76,2.76,3.87,3.87
1/29/2018,32.19%,0.44568989,9.13%,0.092886059,4.45%,4.45%,2.69,2.69,3.78,3.78
1/30/2018,30.33%,0.423084112,9.23%,0.094188915,4.45%,4.45%,2.53,2.53,3.56,3.56
1/31/2018,30.60%,0.428389466,9.22%,0.094104308,4.45%,4.45%,2.55,2.55,3.59,3.59
02-01-2018,30.22%,0.420878438,9.21%,0.094104955,4.45%,4.45%,2.52,2.52,3.54,3.54
02-02-2018,27.70%,0.401263208,9.42%,0.095083062,4.98%,4.98%,2.3,2.3,3.23,3.23
02-05-2018,25.94%,0.378052783,9.51%,0.09654623,6.38%,6.38%,2.15,2.15,3.02,3.02
02-06-2018,25.91%,0.343354323,9.50%,0.100054276,6.38%,6.38%,2.14,2.14,3.01,3.01
02-07-2018,25.88%,0.339232575,9.48%,0.099934372,6.38%,6.38%,2.14,2.14,3.01,3.01
02-08-2018,25.98%,0.32769642,9.47%,0.100188465,6.38%,6.38%,2.15,2.15,3.02,3.02
02-09-2018,25.24%,0.306343292,9.47%,0.10149503,6.63%,6.63%,2.09,2.09,2.93,2.93
02-12-2018,26.00%,0.31572362,9.48%,0.101612793,6.63%,6.63%,2.15,2.15,3.02,3.02
2/13/2018,25.86%,0.325418139,9.46%,0.101747213,6.63%,6.63%,2.14,2.14,3.01,3.01
2/14/2018,26.67%,0.344505264,9.47%,0.102755433,6.63%,6.63%,2.21,2.21,3.11,3.11
2/15/2018,27.20%,0.359953052,9.46%,0.103328749,6.63%,6.63%,2.26,2.26,3.17,3.17
2/16/2018,26.69%,0.356215503,9.46%,0.10319637,6.63%,6.63%,2.21,2.21,3.11,3.11
2/19/2018,26.57%,0.356090247,9.44%,0.103021382,6.63%,6.63%,2.2,2.2,3.09,3.09
2/20/2018,25.99%,0.348467693,9.44%,0.10302949,6.63%,6.63%,2.15,2.15,3.02,3.02
2/21/2018,26.52%,0.361560191,9.43%,0.103396635,6.63%,6.63%,2.2,2.2,3.09,3.09
2/22/2018,25.64%,0.351895452,9.45%,0.10351396,6.63%,6.63%,2.12,2.12,2.98,2.98
2/23/2018,27.53%,0.365393784,9.58%,0.103913781,6.63%,6.63%,2.28,2.28,3.21,3.21
2/26/2018,27.80%,0.368414962,9.56%,0.103768256,6.63%,6.63%,2.31,2.31,3.24,3.24
2/27/2018,27.38%,0.358862866,9.55%,0.103878938,6.63%,6.63%,2.27,2.27,3.19,3.19
2/28/2018,26.86%,0.341604089,9.55%,0.104640224,6.63%,6.63%,2.22,2.22,3.13,3.13
03-01-2018,26.28%,0.337613307,9.55%,0.104519192,6.63%,6.63%,2.17,2.17,3.06,3.06
03-02-2018,26.26%,0.326938314,9.53%,0.104717745,6.63%,6.63%,2.17,2.17,3.05,3.05
03-05-2018,25.39%,0.320340112,9.54%,0.104690633,6.63%,6.63%,2.1,2.1,2.95,2.95
03-06-2018,24.57%,0.335685757,9.56%,0.105305039,6.63%,6.63%,2.02,2.02,2.84,2.84
03-07-2018,24.27%,0.330296562,9.54%,0.105228954,6.63%,6.63%,2,2,2.81,2.81
03-08-2018,23.87%,0.334609072,9.53%,0.105118809,6.63%,6.63%,1.96,1.96,2.76,2.76
03-09-2018,24.65%,0.344245587,9.55%,0.105253388,6.63%,6.63%,2.03,2.03,2.85,2.85
03-12-2018,25.18%,0.356488848,9.54%,0.10556976,6.63%,6.63%,2.08,2.08,2.92,2.92
3/13/2018,24.82%,0.356686289,9.53%,0.105399993,6.63%,6.63%,2.04,2.04,2.87,2.87
3/14/2018,24.37%,0.350913416,9.53%,0.105338787,6.63%,6.63%,2.01,2.01,2.82,2.82
3/15/2018,23.92%,0.347465363,9.52%,0.105209568,6.63%,6.63%,1.97,1.97,2.76,2.76
3/16/2018,23.36%,0.343499761,9.52%,0.105094125,6.63%,6.63%,1.92,1.92,2.69,2.69
3/19/2018,22.57%,0.333801588,9.53%,0.105239743,6.99%,6.99%,1.85,1.85,2.6,2.6
3/20/2018,22.52%,0.338301118,9.51%,0.105140705,6.99%,6.99%,1.84,1.84,2.59,2.59
3/21/2018,22.50%,0.336874731,9.50%,0.104981802,6.99%,6.99%,1.84,1.84,2.59,2.59
3/22/2018,21.76%,0.324487387,9.51%,0.105335614,7.54%,7.54%,1.78,1.78,2.5,2.5
3/23/2018,21.03%,0.30186349,9.52%,0.10691665,8.17%,8.17%,1.71,1.71,2.41,2.41
3/26/2018,21.79%,0.309687612,9.53%,0.106964278,8.17%,8.17%,1.78,1.78,2.5,2.5
3/27/2018,22.33%,0.311314334,9.53%,0.106806527,8.17%,8.17%,1.83,1.83,2.57,2.57
3/28/2018,21.78%,0.290874906,9.53%,0.10809076,8.17%,8.17%,1.78,1.78,2.5,2.5
3/29/2018,22.23%,0.296100225,9.52%,0.108020308,8.17%,8.17%,1.82,1.82,2.55,2.55
3/30/2018,22.19%,0.296442866,9.51%,0.107853845,8.17%,8.17%,1.81,1.81,2.55,2.55
04-02-2018,22.06%,0.29428477,9.49%,0.107704816,8.17%,8.17%,1.8,1.8,2.53,2.53
04-03-2018,22.12%,0.293918514,9.48%,0.107540044,8.17%,8.17%,1.81,1.81,2.54,2.54
04-04-2018,22.06%,0.280729734,9.46%,0.108004861,8.17%,8.17%,1.8,1.8,2.53,2.53
04-05-2018,23.62%,0.2889763,9.56%,0.108090377,8.17%,8.17%,1.94,1.94,2.72,2.72
04-06-2018,23.38%,0.284186814,9.55%,0.108010581,8.17%,8.17%,1.91,1.91,2.69,2.69
04-09-2018,23.68%,0.284142141,9.54%,0.107846821,8.17%,8.17%,1.94,1.94,2.73,2.73
04-10-2018,23.98%,0.293455312,9.53%,0.108004891,8.17%,8.17%,1.97,1.97,2.76,2.76
04-11-2018,24.18%,0.292869061,9.51%,0.107843471,8.17%,8.17%,1.98,1.98,2.79,2.79
04-12-2018,23.96%,0.293001129,9.50%,0.107681466,8.17%,8.17%,1.96,1.96,2.76,2.76
4/13/2018,24.01%,0.286492151,9.49%,0.107677825,8.17%,8.17%,1.97,1.97,2.77,2.77
4/16/2018,23.74%,0.279893507,9.48%,0.107681138,8.17%,8.17%,1.95,1.95,2.73,2.73
4/17/2018,23.20%,0.280008299,9.48%,0.107520812,8.17%,8.17%,1.9,1.9,2.67,2.67
4/18/2018,23.25%,0.288755279,9.46%,0.107652262,8.17%,8.17%,1.9,1.9,2.67,2.67
4/19/2018,22.90%,0.294287714,9.46%,0.107607634,8.17%,8.17%,1.87,1.87,2.63,2.63
4/20/2018,22.38%,0.280476803,9.45%,0.108162379,8.17%,8.17%,1.82,1.82,2.56,2.56
4/23/2018,21.36%,0.271476005,9.49%,0.108313633,8.17%,8.17%,1.74,1.74,2.44,2.44
4/24/2018,21.11%,0.267403684,9.48%,0.108219779,8.17%,8.17%,1.71,1.71,2.41,2.41
4/25/2018,20.12%,0.255279767,9.51%,0.108637355,8.17%,8.17%,1.63,1.63,2.29,2.29
4/26/2018,20.49%,0.257737843,9.51%,0.10850264,8.17%,8.17%,1.66,1.66,2.33,2.33
4/27/2018,21.42%,0.266514403,9.53%,0.108651876,8.17%,8.17%,1.74,1.74,2.45,2.45
4/30/2018,21.88%,0.272232319,9.53%,0.108622677,8.17%,8.17%,1.78,1.78,2.5,2.5
05-01-2018,21.64%,0.269836618,9.52%,0.108488535,8.17%,8.17%,1.76,1.76,2.47,2.47
05-02-2018,20.52%,0.260381378,9.57%,0.108686169,8.17%,8.17%,1.66,1.66,2.33,2.33
05-03-2018,19.47%,0.248862238,9.61%,0.109062606,8.17%,8.17%,1.57,1.57,2.21,2.21
05-04-2018,18.55%,0.246846431,9.64%,0.108923226,8.73%,8.73%,1.49,1.49,2.09,2.09
05-07-2018,18.61%,0.248797966,9.62%,0.108782895,8.73%,8.73%,1.49,1.49,2.1,2.1
05-08-2018,18.44%,0.250593038,9.61%,0.108640829,8.73%,8.73%,1.48,1.48,2.08,2.08
05-09-2018,17.58%,0.250694815,9.64%,0.108486427,9.58%,9.58%,1.4,1.4,1.97,1.97
05-10-2018,18.04%,0.259838678,9.63%,0.108678722,9.58%,9.58%,1.44,1.44,2.03,2.03
05-11-2018,18.22%,0.265158873,9.62%,0.108640295,9.58%,9.58%,1.46,1.46,2.05,2.05
5/14/2018,17.38%,0.26774574,9.64%,0.108514025,9.63%,9.63%,1.39,1.39,1.95,1.95
5/15/2018,16.27%,0.252641829,9.70%,0.109285115,10.78%,10.78%,1.29,1.29,1.81,1.81
5/16/2018,16.53%,0.255588301,9.69%,0.109167545,10.78%,10.78%,1.31,1.31,1.84,1.84
5/17/2018,15.90%,0.246531087,9.70%,0.109355567,11.09%,11.09%,1.26,1.26,1.76,1.76
5/18/2018,14.43%,0.241064579,9.80%,0.10932981,12.63%,12.63%,1.13,1.13,1.59,1.59
5/21/2018,14.35%,0.239448289,9.78%,0.109189281,12.68%,12.68%,1.12,1.12,1.58,1.58
5/22/2018,15.14%,0.243001601,9.81%,0.10909161,12.68%,12.68%,1.19,1.19,1.67,1.67
5/23/2018,14.44%,0.235537783,9.82%,0.109180023,12.68%,12.68%,1.13,1.13,1.58,1.58
5/24/2018,14.17%,0.236522488,9.81%,0.109033578,12.74%,12.74%,1.1,1.1,1.55,1.55
5/25/2018,14.77%,0.237315061,9.82%,0.108886305,12.74%,12.74%,1.16,1.16,1.63,1.63
5/28/2018,14.80%,0.236893032,9.81%,0.108737897,12.74%,12.74%,1.16,1.16,1.63,1.63
5/29/2018,14.42%,0.228278194,9.80%,0.10891507,12.74%,12.74%,1.13,1.13,1.58,1.58
5/30/2018,14.12%,0.217556201,9.79%,0.109277585,12.74%,12.74%,1.1,1.1,1.55,1.55
5/31/2018,14.38%,0.222987785,9.78%,0.109261961,12.74%,12.74%,1.12,1.12,1.58,1.58
06-01-2018,14.35%,0.22949326,9.77%,0.109303642,12.74%,12.74%,1.12,1.12,1.57,1.57
06-04-2018,14.78%,0.241083814,9.77%,0.109755105,12.74%,12.74%,1.16,1.16,1.63,1.63
06-05-2018,14.22%,0.238756267,9.77%,0.109631199,12.74%,12.74%,1.11,1.11,1.56,1.56
06-06-2018,14.21%,0.242277735,9.76%,0.10953791,12.74%,12.74%,1.11,1.11,1.55,1.55
06-07-2018,13.49%,0.241606446,9.78%,0.10939308,13.05%,13.05%,1.04,1.04,1.47,1.47
06-08-2018,14.06%,0.230576441,9.78%,0.10978343,13.05%,13.05%,1.09,1.09,1.54,1.54
06-11-2018,13.75%,0.232877127,9.77%,0.109660391,13.05%,13.05%,1.07,1.07,1.5,1.5
06-12-2018,14.18%,0.233078986,9.77%,0.109514619,13.05%,13.05%,1.1,1.1,1.55,1.55
6/13/2018,14.29%,0.229012482,9.76%,0.109444552,13.05%,13.05%,1.11,1.11,1.56,1.56
6/14/2018,13.96%,0.221330082,9.75%,0.109569132,13.05%,13.05%,1.08,1.08,1.52,1.52
6/15/2018,13.77%,0.212148741,9.74%,0.109813946,13.05%,13.05%,1.07,1.07,1.5,1.5
6/18/2018,13.33%,0.206010587,9.74%,0.109846887,13.05%,13.05%,1.03,1.03,1.45,1.45
6/19/2018,12.74%,0.190403412,9.75%,0.110850505,13.57%,13.57%,0.98,0.98,1.37,1.37
6/20/2018,12.86%,0.195939499,9.74%,0.110853223,13.57%,13.57%,0.99,0.99,1.39,1.39
6/21/2018,12.15%,0.186040863,9.76%,0.111179321,14.17%,14.17%,0.93,0.93,1.3,1.3
6/22/2018,12.78%,0.191135796,9.77%,0.111160857,14.17%,14.17%,0.98,0.98,1.38,1.38
6/25/2018,13.30%,0.179754394,9.77%,0.111644251,14.17%,14.17%,1.02,1.02,1.44,1.44
6/26/2018,12.94%,0.177093563,9.77%,0.111535072,14.17%,14.17%,0.99,0.99,1.4,1.4
6/27/2018,11.66%,0.165524841,9.86%,0.112055958,14.61%,14.61%,0.88,0.88,1.24,1.24
6/28/2018,10.90%,0.161720327,9.88%,0.11198561,15.46%,15.46%,0.81,0.81,1.15,1.15
6/29/2018,12.11%,0.17760882,9.96%,0.113136448,15.46%,15.46%,0.92,0.92,1.29,1.29
07-02-2018,11.43%,0.169964209,9.97%,0.113281073,15.46%,15.46%,0.86,0.86,1.21,1.21
07-03-2018,11.85%,0.168456811,9.97%,0.113147829,15.46%,15.46%,0.9,0.9,1.26,1.26
07-04-2018,11.98%,0.167132617,9.96%,0.113012539,15.46%,15.46%,0.91,0.91,1.28,1.28
07-05-2018,11.97%,0.166468662,9.95%,0.112871039,15.46%,15.46%,0.91,0.91,1.28,1.28
07-06-2018,12.41%,0.170073572,9.95%,0.112793599,15.46%,15.46%,0.95,0.95,1.33,1.33
07-09-2018,13.30%,0.181466867,9.98%,0.113312419,15.46%,15.46%,1.02,1.02,1.44,1.44
07-10-2018,13.65%,0.18164772,9.98%,0.113169388,15.46%,15.46%,1.05,1.05,1.48,1.48
07-11-2018,13.08%,0.173357864,9.99%,0.113370741,15.46%,15.46%,1,1,1.41,1.41
07-12-2018,13.60%,0.176983075,9.99%,0.113294459,15.46%,15.46%,1.05,1.05,1.47,1.47
7/13/2018,13.83%,0.180290329,9.98%,0.113207297,15.46%,15.46%,1.07,1.07,1.5,1.5
7/16/2018,13.44%,0.176182224,9.98%,0.113151635,15.46%,15.46%,1.03,1.03,1.45,1.45
7/17/2018,14.04%,0.176223203,9.99%,0.113010463,15.46%,15.46%,1.09,1.09,1.53,1.53
7/18/2018,13.55%,0.174529416,9.99%,0.112884835,15.46%,15.46%,1.04,1.04,1.47,1.47
7/19/2018,12.74%,0.168622148,10.02%,0.112925205,15.46%,15.46%,0.97,0.97,1.37,1.37
7/20/2018,13.68%,0.174618857,10.06%,0.112972478,15.46%,15.46%,1.05,1.05,1.48,1.48
7/23/2018,13.74%,0.173893287,10.05%,0.112835787,15.46%,15.46%,1.06,1.06,1.49,1.49
7/24/2018,14.13%,0.180823585,10.05%,0.112946114,15.46%,15.46%,1.09,1.09,1.54,1.54
7/25/2018,14.24%,0.186222245,10.04%,0.112956774,15.46%,15.46%,1.1,1.1,1.55,1.55
7/26/2018,13.99%,0.186079,10.03%,0.112818396,15.46%,15.46%,1.08,1.08,1.52,1.52
7/27/2018,13.98%,0.187735494,10.02%,0.112694193,15.46%,15.46%,1.08,1.08,1.52,1.52
7/30/2018,13.93%,0.185848718,10.00%,0.112575322,15.46%,15.46%,1.07,1.07,1.51,1.51
7/31/2018,13.75%,0.183615942,9.99%,0.112464483,15.46%,15.46%,1.06,1.06,1.49,1.49
08-01-2018,14.15%,0.182832791,9.99%,0.11233126,15.46%,15.46%,1.09,1.09,1.54,1.54
08-02-2018,13.36%,0.169591078,10.02%,0.113106155,15.46%,15.46%,1.03,1.03,1.44,1.44
08-03-2018,13.89%,0.173253937,10.03%,0.113040467,15.46%,15.46%,1.07,1.07,1.5,1.5
08-06-2018,13.59%,0.17126431,10.02%,0.112925599,15.46%,15.46%,1.05,1.05,1.47,1.47
08-07-2018,13.84%,0.17665574,10.01%,0.112944745,15.46%,15.46%,1.07,1.07,1.5,1.5
08-08-2018,13.69%,0.176194925,10.00%,0.112810457,15.46%,15.46%,1.05,1.05,1.48,1.48
08-09-2018,13.95%,0.175132024,9.99%,0.112681669,15.46%,15.46%,1.08,1.08,1.51,1.51
08-10-2018,12.79%,0.164128554,10.07%,0.113193323,15.46%,15.46%,0.97,0.97,1.37,1.37
8/13/2018,12.06%,0.151171434,10.09%,0.113966902,15.46%,15.46%,0.91,0.91,1.28,1.28
8/14/2018,12.54%,0.150358105,10.09%,0.113835305,15.46%,15.46%,0.95,0.95,1.34,1.34
8/15/2018,11.91%,0.13741272,10.11%,0.114627787,15.46%,15.46%,0.9,0.9,1.26,1.26
8/16/2018,11.60%,0.13589357,10.10%,0.114505627,15.46%,15.46%,0.87,0.87,1.22,1.22
8/17/2018,12.06%,0.136480526,10.10%,0.114372373,15.46%,15.46%,0.91,0.91,1.28,1.28
8/20/2018,12.56%,0.143292528,10.11%,0.114503263,15.46%,15.46%,0.95,0.95,1.34,1.34
8/21/2018,12.46%,0.149937981,10.10%,0.114618751,15.46%,15.46%,0.94,0.94,1.33,1.33
8/22/2018,12.55%,0.153712929,10.08%,0.114563892,15.46%,15.46%,0.95,0.95,1.34,1.34
8/23/2018,12.51%,0.15179916,10.07%,0.114450821,15.46%,15.46%,0.95,0.95,1.33,1.33
8/24/2018,12.58%,0.152714803,10.06%,0.114321896,15.46%,15.46%,0.95,0.95,1.34,1.34
8/27/2018,13.46%,0.164458528,10.10%,0.114967728,15.46%,15.46%,1.03,1.03,1.45,1.45
8/28/2018,13.38%,0.165028383,10.09%,0.114835957,15.46%,15.46%,1.02,1.02,1.44,1.44
8/29/2018,13.26%,0.164617297,10.08%,0.114703984,15.46%,15.46%,1.01,1.01,1.42,1.42
8/30/2018,12.55%,0.156378452,10.10%,0.11494712,15.46%,15.46%,0.95,0.95,1.34,1.34
8/31/2018,12.68%,0.154833427,10.09%,0.114828344,15.46%,15.46%,0.96,0.96,1.35,1.35
09-03-2018,11.99%,0.148945131,10.11%,0.114892855,15.46%,15.46%,0.9,0.9,1.27,1.27
09-04-2018,11.37%,0.144210385,10.13%,0.11488995,15.46%,15.46%,0.85,0.85,1.19,1.19
09-05-2018,10.46%,0.132240114,10.17%,0.115581149,15.46%,15.46%,0.77,0.77,1.08,1.08
09-06-2018,10.23%,0.129924816,10.16%,0.11548113,15.46%,15.46%,0.75,0.75,1.05,1.05
09-07-2018,11.11%,0.132635884,10.21%,0.115392661,15.46%,15.46%,0.83,0.83,1.16,1.16
09-10-2018,10.23%,0.124912198,10.25%,0.115614037,15.46%,15.46%,0.75,0.75,1.05,1.05
09-11-2018,9.41%,0.119654689,10.29%,0.115649286,15.62%,15.62%,0.68,0.68,0.95,0.95
09-12-2018,9.56%,0.120328365,10.27%,0.115521008,15.62%,15.62%,0.69,0.69,0.97,0.97
9/13/2018,9.96%,0.128371157,10.27%,0.115784203,15.62%,15.62%,0.72,0.72,1.02,1.02
9/14/2018,10.61%,0.134892534,10.29%,0.115908509,15.62%,15.62%,0.78,0.78,1.1,1.1
9/17/2018,10.01%,0.127062218,10.31%,0.116141503,15.62%,15.62%,0.73,0.73,1.02,1.02
9/18/2018,10.31%,0.128926745,10.30%,0.116031814,15.62%,15.62%,0.75,0.75,1.06,1.06
9/19/2018,10.42%,0.135807223,10.29%,0.116186704,15.62%,15.62%,0.76,0.76,1.07,1.07
9/20/2018,10.53%,0.139117575,10.28%,0.116121689,15.62%,15.62%,0.77,0.77,1.09,1.09
9/21/2018,10.87%,0.147693138,10.28%,0.116429036,15.62%,15.62%,0.8,0.8,1.13,1.13
9/24/2018,9.35%,0.141847016,10.43%,0.11649966,15.62%,15.62%,0.67,0.67,0.94,0.94
9/25/2018,9.67%,0.141178988,10.42%,0.116373208,15.62%,15.62%,0.7,0.7,0.98,0.98
9/26/2018,9.46%,0.143484837,10.42%,0.116275588,15.62%,15.62%,0.68,0.68,0.96,0.96
9/27/2018,9.55%,0.14659959,10.41%,0.116204267,15.62%,15.62%,0.69,0.69,0.97,0.97
9/28/2018,8.80%,0.144383134,10.43%,0.116105711,16.09%,16.09%,0.62,0.62,0.87,0.87
10-01-2018,9.04%,0.143134843,10.43%,0.115987588,16.09%,16.09%,0.64,0.64,0.9,0.9
10-02-2018,8.76%,0.134896201,10.42%,0.116265841,16.09%,16.09%,0.62,0.62,0.87,0.87
10-03-2018,8.44%,0.135702306,10.42%,0.116142357,16.51%,16.51%,0.59,0.59,0.83,0.83
10-04-2018,7.25%,0.120460105,10.51%,0.117409995,18.14%,18.14%,0.49,0.49,0.68,0.68
10-05-2018,6.21%,0.114350024,10.58%,0.117513655,19.56%,19.56%,0.4,0.4,0.56,0.56
10-08-2018,6.32%,0.1109403,10.57%,0.117459377,19.56%,19.56%,0.4,0.4,0.57,0.57
10-09-2018,6.37%,0.109782549,10.56%,0.117340641,19.56%,19.56%,0.41,0.41,0.58,0.58
10-10-2018,6.67%,0.104477491,10.55%,0.11739308,19.56%,19.56%,0.44,0.44,0.61,0.61
10-11-2018,5.07%,0.085365534,10.73%,0.119566165,21.06%,21.06%,0.3,0.3,0.42,0.42
10-12-2018,6.38%,0.100786593,10.86%,0.121002799,21.06%,21.06%,0.41,0.41,0.58,0.58
10/15/2018,5.94%,0.095436402,10.86%,0.121053743,21.06%,21.06%,0.37,0.37,0.52,0.52
10/16/2018,6.78%,0.103102014,10.90%,0.121299261,21.06%,21.06%,0.44,0.44,0.62,0.62
10/17/2018,6.49%,0.102314145,10.89%,0.121173405,21.06%,21.06%,0.42,0.42,0.59,0.59
10/18/2018,5.98%,0.09435587,10.90%,0.121443478,21.06%,21.06%,0.37,0.37,0.53,0.53
10/19/2018,5.96%,0.094487708,10.89%,0.121314023,21.06%,21.06%,0.37,0.37,0.52,0.52
10/22/2018,6.18%,0.10112787,10.88%,0.121468646,21.06%,21.06%,0.39,0.39,0.55,0.55
10/23/2018,5.73%,0.087486014,10.89%,0.122509698,21.06%,21.06%,0.35,0.35,0.49,0.49
10/24/2018,5.04%,0.082794858,10.91%,0.122523077,21.06%,21.06%,0.29,0.29,0.41,0.41
10/25/2018,5.15%,0.080205816,10.90%,0.122437933,21.06%,21.06%,0.3,0.3,0.42,0.42
10/26/2018,5.42%,0.074353695,10.90%,0.122535035,21.06%,21.06%,0.33,0.33,0.46,0.46
10/29/2018,5.19%,0.071309878,10.89%,0.122468469,21.06%,21.06%,0.3,0.3,0.43,0.43
10/30/2018,5.39%,0.072078174,10.88%,0.122343569,21.06%,21.06%,0.32,0.32,0.45,0.45
10/31/2018,5.75%,0.083711879,10.88%,0.123132398,21.06%,21.06%,0.35,0.35,0.5,0.5
11-01-2018,6.37%,0.09278478,10.90%,0.123546286,21.06%,21.06%,0.41,0.41,0.57,0.57
11-02-2018,7.29%,0.107416207,10.95%,0.124807284,21.06%,21.06%,0.49,0.49,0.68,0.68
11-05-2018,7.56%,0.104669864,10.95%,0.124724825,21.06%,21.06%,0.51,0.51,0.72,0.72
11-06-2018,7.17%,0.104420532,10.95%,0.124595555,21.06%,21.06%,0.48,0.48,0.67,0.67
11-07-2018,7.42%,0.107497341,10.94%,0.124525496,21.06%,21.06%,0.5,0.5,0.7,0.7
11-08-2018,6.67%,0.104756263,10.97%,0.124444344,21.06%,21.06%,0.43,0.43,0.61,0.61
11-09-2018,6.87%,0.094463741,10.96%,0.124982861,21.06%,21.06%,0.45,0.45,0.63,0.63
11-12-2018,6.13%,0.088574027,10.99%,0.125077783,21.06%,21.06%,0.38,0.38,0.54,0.54
11/13/2018,6.22%,0.088167485,10.98%,0.12495021,21.06%,21.06%,0.39,0.39,0.55,0.55
11/14/2018,6.12%,0.08922792,10.97%,0.124828997,21.06%,21.06%,0.38,0.38,0.54,0.54
11/15/2018,6.28%,0.096399957,10.96%,0.125038593,21.06%,21.06%,0.4,0.4,0.56,0.56
11/16/2018,6.75%,0.0993286,10.97%,0.124965717,21.06%,21.06%,0.44,0.44,0.62,0.62
11/19/2018,6.95%,0.100265605,10.96%,0.124843604,21.06%,21.06%,0.46,0.46,0.64,0.64
11/20/2018,6.94%,0.091055199,10.95%,0.125261828,21.06%,21.06%,0.45,0.45,0.64,0.64
11/21/2018,7.19%,0.092298164,10.94%,0.125144346,21.06%,21.06%,0.48,0.48,0.67,0.67
11/22/2018,7.49%,0.092682352,10.94%,0.125018246,21.06%,21.06%,0.5,0.5,0.71,0.71
11/23/2018,7.23%,0.088596276,10.93%,0.125002174,21.06%,21.06%,0.48,0.48,0.67,0.67
11/26/2018,6.99%,0.092655025,10.93%,0.124984895,21.06%,21.06%,0.46,0.46,0.64,0.64
11/27/2018,7.34%,0.094501886,10.93%,0.124881035,21.06%,21.06%,0.49,0.49,0.69,0.69
11/28/2018,7.47%,0.100837593,10.92%,0.125020708,21.06%,21.06%,0.5,0.5,0.7,0.7
11/29/2018,7.83%,0.104205376,10.92%,0.124968814,21.06%,21.06%,0.53,0.53,0.74,0.74
11/30/2018,8.10%,0.102128024,10.91%,0.124872092,21.06%,21.06%,0.55,0.55,0.78,0.78
12-03-2018,8.15%,0.114218529,10.90%,0.125710835,21.06%,21.06%,0.56,0.56,0.78,0.78
12-04-2018,7.75%,0.112546146,10.90%,0.125603543,21.06%,21.06%,0.52,0.52,0.73,0.73
12-05-2018,7.29%,0.10553169,10.91%,0.125794004,21.06%,21.06%,0.48,0.48,0.68,0.68
12-06-2018,6.26%,0.092568218,10.98%,0.126749375,21.06%,21.06%,0.39,0.39,0.55,0.55
12-07-2018,6.14%,0.093741881,10.97%,0.126632448,21.06%,21.06%,0.38,0.38,0.54,0.54
12-10-2018,5.54%,0.083192518,10.99%,0.127238958,21.06%,21.06%,0.33,0.33,0.46,0.46
12-11-2018,5.78%,0.084154181,10.98%,0.12711919,21.06%,21.06%,0.35,0.35,0.49,0.49
12-12-2018,6.76%,0.091855697,11.05%,0.127395004,21.06%,21.06%,0.44,0.44,0.61,0.61
12/13/2018,7.06%,0.09533539,11.05%,0.127349637,21.06%,21.06%,0.46,0.46,0.65,0.65
12/14/2018,6.62%,0.087641814,11.05%,0.127615516,21.06%,21.06%,0.42,0.42,0.6,0.6
12/17/2018,6.46%,0.08523819,11.04%,0.127529674,21.06%,21.06%,0.41,0.41,0.57,0.57
12/18/2018,6.47%,0.08240656,11.03%,0.127459653,21.06%,21.06%,0.41,0.41,0.58,0.58
12/19/2018,6.82%,0.084858224,11.03%,0.127375672,21.06%,21.06%,0.44,0.44,0.62,0.62
12/20/2018,6.98%,0.080447703,11.02%,0.127384415,21.06%,21.06%,0.45,0.45,0.64,0.64
12/21/2018,6.33%,0.078965801,11.05%,0.12727588,21.06%,21.06%,0.4,0.4,0.56,0.56
12/24/2018,6.03%,0.076343431,11.04%,0.127200328,21.06%,21.06%,0.37,0.37,0.52,0.52
12/25/2018,5.93%,0.074769218,11.03%,0.127094632,21.06%,21.06%,0.36,0.36,0.51,0.51
12/26/2018,5.76%,0.074754631,11.02%,0.126971664,21.06%,21.06%,0.35,0.35,0.49,0.49
12/27/2018,5.94%,0.076940881,11.02%,0.126882213,21.06%,21.06%,0.36,0.36,0.51,0.51
12/28/2018,6.74%,0.082428972,11.06%,0.126971101,21.06%,21.06%,0.43,0.43,0.61,0.61
12/31/2018,6.98%,0.083977385,11.05%,0.126865306,21.06%,21.06%,0.45,0.45,0.64,0.64
01-01-2019,6.94%,0.083952673,11.04%,0.126743508,21.06%,21.06%,0.45,0.45,0.63,0.63
01-02-2019,6.17%,0.078237703,11.08%,0.126849832,21.06%,21.06%,0.38,0.38,0.54,0.54
01-03-2019,5.85%,0.074730048,11.08%,0.126815862,21.06%,21.06%,0.35,0.35,0.5,0.5
01-04-2019,6.30%,0.082909906,11.09%,0.127172464,21.06%,21.06%,0.39,0.39,0.55,0.55
01-07-2019,6.27%,0.089717969,11.08%,0.12737638,21.06%,21.06%,0.39,0.39,0.55,0.55
01-08-2019,6.30%,0.088312011,11.06%,0.127269238,21.06%,21.06%,0.39,0.39,0.55,0.55
01-09-2019,7.20%,0.09816947,11.12%,0.127827454,21.06%,21.06%,0.47,0.47,0.66,0.66
01-10-2019,7.50%,0.10021789,11.12%,0.127734549,21.06%,21.06%,0.5,0.5,0.7,0.7
01-11-2019,7.68%,0.101296038,11.11%,0.127621441,21.06%,21.06%,0.51,0.51,0.72,0.72
1/14/2019,7.68%,0.096699236,11.10%,0.127645371,21.06%,21.06%,0.51,0.51,0.72,0.72
1/15/2019,7.69%,0.102978908,11.09%,0.127796692,21.06%,21.06%,0.51,0.51,0.72,0.72
1/16/2019,7.69%,0.104993633,11.08%,0.127703775,21.06%,21.06%,0.51,0.51,0.72,0.72
1/17/2019,7.67%,0.104586325,11.07%,0.127585146,21.06%,21.06%,0.51,0.51,0.72,0.72
1/18/2019,7.44%,0.109017346,11.06%,0.127599263,21.06%,21.06%,0.49,0.49,0.69,0.69
1/21/2019,7.27%,0.109042962,11.06%,0.127479956,21.06%,21.06%,0.48,0.48,0.67,0.67
1/22/2019,6.88%,0.10482768,11.06%,0.127482321,21.06%,21.06%,0.44,0.44,0.62,0.62
1/23/2019,7.07%,0.105111884,11.05%,0.127364059,21.06%,21.06%,0.46,0.46,0.64,0.64
1/24/2019,7.50%,0.108941223,11.06%,0.127346113,21.06%,21.06%,0.49,0.49,0.7,0.7
1/25/2019,7.43%,0.115284651,11.05%,0.127503768,21.06%,21.06%,0.49,0.49,0.69,0.69
1/28/2019,7.32%,0.112905655,11.04%,0.12742447,21.06%,21.06%,0.48,0.48,0.67,0.67
1/29/2019,7.41%,0.113538413,11.03%,0.127309241,21.06%,21.06%,0.49,0.49,0.68,0.68
1/30/2019,7.79%,0.116765353,11.03%,0.127262425,21.06%,21.06%,0.52,0.52,0.73,0.73
1/31/2019,8.31%,0.123154861,11.04%,0.127423418,21.06%,21.06%,0.56,0.56,0.79,0.79
02-01-2019,8.63%,0.123073972,11.04%,0.127306312,21.06%,21.06%,0.59,0.59,0.83,0.83
02-04-2019,8.45%,0.121773582,11.03%,0.127201171,21.06%,21.06%,0.58,0.58,0.81,0.81
02-05-2019,8.64%,0.12343704,11.03%,0.127103088,21.06%,21.06%,0.59,0.59,0.83,0.83
02-06-2019,8.27%,0.121528973,11.03%,0.127011953,21.06%,21.06%,0.56,0.56,0.79,0.79
02-07-2019,8.21%,0.118118621,11.02%,0.126975916,21.06%,21.06%,0.56,0.56,0.78,0.78
02-08-2019,8.01%,0.114970181,11.01%,0.126928952,21.06%,21.06%,0.54,0.54,0.76,0.76
02-11-2019,7.75%,0.114527327,11.01%,0.126814972,21.06%,21.06%,0.52,0.52,0.72,0.72
02-12-2019,8.00%,0.117634804,11.00%,0.126766605,21.06%,21.06%,0.54,0.54,0.75,0.75
2/13/2019,7.49%,0.117269457,11.01%,0.126652738,21.06%,21.06%,0.49,0.49,0.69,0.69
2/14/2019,7.87%,0.115772501,11.02%,0.126554092,21.06%,21.06%,0.53,0.53,0.74,0.74
2/15/2019,7.21%,0.111388523,11.04%,0.12657467,21.06%,21.06%,0.47,0.47,0.66,0.66
2/18/2019,7.18%,0.114151067,11.03%,0.126514058,21.06%,21.06%,0.46,0.46,0.65,0.65
2/19/2019,7.13%,0.114052155,11.02%,0.126400328,21.06%,21.06%,0.46,0.46,0.65,0.65
2/20/2019,7.17%,0.119818424,11.02%,0.126521842,21.06%,21.06%,0.46,0.46,0.65,0.65
2/21/2019,7.28%,0.120427242,11.01%,0.126410883,21.06%,21.06%,0.47,0.47,0.66,0.66
2/22/2019,7.37%,0.12418888,11.00%,0.126396542,21.06%,21.06%,0.48,0.48,0.68,0.68
2/25/2019,7.57%,0.128247686,10.99%,0.126398191,21.06%,21.06%,0.5,0.5,0.7,0.7
2/26/2019,7.54%,0.126767629,10.98%,0.126301002,21.06%,21.06%,0.5,0.5,0.7,0.7
2/27/2019,7.59%,0.124801936,10.97%,0.126215929,21.06%,21.06%,0.5,0.5,0.7,0.7
2/28/2019,7.27%,0.119707272,10.97%,0.126285993,21.06%,21.06%,0.47,0.47,0.66,0.66
03-01-2019,7.27%,0.119785865,10.96%,0.126174015,21.06%,21.06%,0.47,0.47,0.66,0.66
03-04-2019,7.27%,0.120548943,10.95%,0.126066282,21.06%,21.06%,0.47,0.47,0.66,0.66
03-05-2019,8.03%,0.121076065,10.99%,0.125956731,21.06%,21.06%,0.54,0.54,0.76,0.76
03-06-2019,8.06%,0.121248513,10.98%,0.125845784,21.06%,21.06%,0.54,0.54,0.76,0.76
03-07-2019,7.77%,0.115328513,10.98%,0.125984894,21.06%,21.06%,0.51,0.51,0.72,0.72
03-08-2019,7.58%,0.108761985,10.98%,0.126184623,21.06%,21.06%,0.5,0.5,0.7,0.7
03-11-2019,8.38%,0.113801702,11.02%,0.126259491,21.06%,21.06%,0.57,0.57,0.8,0.8
03-12-2019,8.33%,0.118477569,11.01%,0.126307272,21.06%,21.06%,0.56,0.56,0.79,0.79
3/13/2019,8.21%,0.117815929,11.01%,0.126200118,21.06%,21.06%,0.55,0.55,0.78,0.78
3/14/2019,8.19%,0.116582583,11.00%,0.126101215,21.06%,21.06%,0.55,0.55,0.77,0.77
3/15/2019,8.59%,0.120615142,11.00%,0.126109122,21.06%,21.06%,0.59,0.59,0.82,0.82
3/18/2019,8.92%,0.125932481,11.00%,0.126203713,21.06%,21.06%,0.61,0.61,0.86,0.86
3/19/2019,8.76%,0.12649658,10.99%,0.126096272,21.06%,21.06%,0.6,0.6,0.84,0.84
3/20/2019,8.58%,0.125140339,10.99%,0.126000444,21.06%,21.06%,0.58,0.58,0.82,0.82
3/21/2019,8.56%,0.12548747,10.98%,0.125892195,21.06%,21.06%,0.58,0.58,0.82,0.82
3/22/2019,7.99%,0.120663298,11.00%,0.1259517,21.06%,21.06%,0.53,0.53,0.75,0.75
3/25/2019,7.93%,0.114994221,10.99%,0.126077202,21.06%,21.06%,0.53,0.53,0.74,0.74
3/26/2019,8.51%,0.116042511,11.01%,0.125976541,21.06%,21.06%,0.58,0.58,0.81,0.81
3/27/2019,8.22%,0.113013187,11.01%,0.125936456,21.06%,21.06%,0.55,0.55,0.78,0.78
3/28/2019,8.69%,0.11358215,11.02%,0.125830686,21.06%,21.06%,0.59,0.59,0.83,0.83
3/29/2019,9.06%,0.119286919,11.02%,0.125965538,21.06%,21.06%,0.63,0.63,0.88,0.88
04-01-2019,9.54%,0.12451185,11.03%,0.126059237,21.06%,21.06%,0.67,0.67,0.94,0.94
04-02-2019,9.48%,0.124765936,11.02%,0.12595205,21.06%,21.06%,0.66,0.66,0.93,0.93
04-03-2019,9.28%,0.128523163,11.02%,0.125947848,21.06%,21.06%,0.64,0.64,0.91,0.91
04-04-2019,8.82%,0.128715918,11.03%,0.125840935,21.06%,21.06%,0.6,0.6,0.85,0.85
04-05-2019,9.01%,0.130454167,11.02%,0.125755826,21.06%,21.06%,0.62,0.62,0.87,0.87
04-08-2019,8.75%,0.131713415,11.02%,0.12566054,21.06%,21.06%,0.6,0.6,0.84,0.84
04-09-2019,9.03%,0.133663299,11.02%,0.125581615,21.06%,21.06%,0.62,0.62,0.87,0.87
04-10-2019,9.11%,0.134704646,11.01%,0.125483206,21.06%,21.06%,0.63,0.63,0.88,0.88
04-11-2019,8.81%,0.130714618,11.01%,0.125493973,21.06%,21.06%,0.6,0.6,0.85,0.85
04-12-2019,8.67%,0.131230867,11.00%,0.125390148,21.06%,21.06%,0.59,0.59,0.83,0.83
4/15/2019,8.66%,0.129774919,10.99%,0.125300677,21.06%,21.06%,0.59,0.59,0.83,0.83
4/16/2019,8.78%,0.132773913,10.98%,0.125261814,21.06%,21.06%,0.6,0.6,0.84,0.84
4/17/2019,8.52%,0.13382751,10.98%,0.12516485,21.06%,21.06%,0.58,0.58,0.81,0.81
4/18/2019,8.22%,0.13190371,10.98%,0.125087896,21.06%,21.06%,0.55,0.55,0.77,0.77
4/19/2019,8.17%,0.131675701,10.97%,0.124983877,21.06%,21.06%,0.55,0.55,0.77,0.77
4/22/2019,7.66%,0.129932859,10.98%,0.124902683,21.06%,21.06%,0.5,0.5,0.71,0.71
4/23/2019,7.63%,0.130052238,10.98%,0.12479881,21.06%,21.06%,0.5,0.5,0.7,0.7
4/24/2019,7.59%,0.12757896,10.97%,0.124741513,21.06%,21.06%,0.5,0.5,0.7,0.7
4/25/2019,7.71%,0.123991396,10.96%,0.124735779,21.06%,21.06%,0.51,0.51,0.71,0.71
4/26/2019,7.79%,0.124364395,10.95%,0.12463346,21.06%,21.06%,0.51,0.51,0.72,0.72
4/29/2019,7.88%,0.126270559,10.94%,0.124557836,21.06%,21.06%,0.52,0.52,0.73,0.73
4/30/2019,8.14%,0.124494204,10.94%,0.124479453,21.06%,21.06%,0.54,0.54,0.76,0.76
05-01-2019,8.12%,0.124827005,10.93%,0.124377653,21.06%,21.06%,0.54,0.54,0.76,0.76
05-02-2019,7.75%,0.124025855,10.93%,0.124280436,21.06%,21.06%,0.51,0.51,0.72,0.72
05-03-2019,7.87%,0.125503781,10.93%,0.124194931,21.06%,21.06%,0.52,0.52,0.73,0.73
05-06-2019,6.91%,0.116646454,11.00%,0.124692406,21.06%,21.06%,0.44,0.44,0.61,0.61
05-07-2019,6.73%,0.11410944,11.00%,0.124641068,21.06%,21.06%,0.42,0.42,0.59,0.59
05-08-2019,6.52%,0.111311061,10.99%,0.124601248,21.06%,21.06%,0.4,0.4,0.56,0.56
05-09-2019,6.24%,0.101297962,10.99%,0.125284134,21.06%,21.06%,0.38,0.38,0.53,0.53
05-10-2019,6.26%,0.10334682,10.98%,0.125215458,21.06%,21.06%,0.38,0.38,0.53,0.53
5/13/2019,5.26%,0.095779815,11.07%,0.125569785,21.06%,21.06%,0.29,0.29,0.41,0.41
5/14/2019,5.14%,0.094743521,11.06%,0.125476778,21.06%,21.06%,0.28,0.28,0.39,0.39
5/15/2019,5.22%,0.095254878,11.06%,0.125377075,21.06%,21.06%,0.29,0.29,0.4,0.4
5/16/2019,5.07%,0.092996267,11.05%,0.1253177,21.06%,21.06%,0.27,0.27,0.39,0.39
5/17/2019,5.04%,0.086401015,11.04%,0.125572238,21.06%,21.06%,0.27,0.27,0.38,0.38
5/20/2019,5.50%,0.085242261,11.05%,0.125482358,21.06%,21.06%,0.31,0.31,0.44,0.44
5/21/2019,5.93%,0.087318463,11.06%,0.125416954,21.06%,21.06%,0.35,0.35,0.49,0.49
5/22/2019,6.11%,0.086827432,11.06%,0.125318222,21.06%,21.06%,0.36,0.36,0.51,0.51
5/23/2019,5.48%,0.081159482,11.09%,0.125485642,21.06%,21.06%,0.31,0.31,0.43,0.43
5/24/2019,5.71%,0.081913472,11.08%,0.125389698,21.06%,21.06%,0.33,0.33,0.46,0.46
5/27/2019,5.57%,0.083029186,11.08%,0.125299656,21.06%,21.06%,0.32,0.32,0.45,0.45
5/28/2019,5.81%,0.082515857,11.07%,0.125201888,21.06%,21.06%,0.34,0.34,0.48,0.48
5/29/2019,5.67%,0.081218912,11.07%,0.125116584,21.06%,21.06%,0.33,0.33,0.46,0.46
5/30/2019,5.81%,0.085284489,11.06%,0.125157944,21.06%,21.06%,0.34,0.34,0.48,0.48
5/31/2019,5.86%,0.086600898,11.05%,0.125072856,21.06%,21.06%,0.34,0.34,0.48,0.48
06-03-2019,6.52%,0.091047416,11.09%,0.125141325,21.06%,21.06%,0.4,0.4,0.56,0.56
06-04-2019,6.17%,0.089718082,11.09%,0.125057298,21.06%,21.06%,0.37,0.37,0.52,0.52
06-05-2019,5.92%,0.089424957,11.09%,0.124959117,21.06%,21.06%,0.35,0.35,0.49,0.49
06-06-2019,5.75%,0.088498298,11.08%,0.124867871,21.06%,21.06%,0.33,0.33,0.47,0.47
06-07-2019,5.74%,0.090352442,11.07%,0.124798326,21.06%,21.06%,0.33,0.33,0.47,0.47
06-10-2019,6.02%,0.096498523,11.07%,0.125022726,21.06%,21.06%,0.36,0.36,0.5,0.5
06-11-2019,6.41%,0.100812599,11.08%,0.125080992,21.06%,21.06%,0.39,0.39,0.55,0.55
06-12-2019,6.25%,0.098343992,11.07%,0.12503412,21.06%,21.06%,0.38,0.38,0.53,0.53
6/13/2019,6.36%,0.096542709,11.07%,0.124963743,21.06%,21.06%,0.38,0.38,0.54,0.54
6/14/2019,5.90%,0.093471941,11.08%,0.124946061,21.06%,21.06%,0.35,0.35,0.48,0.48
6/17/2019,5.72%,0.091628218,11.07%,0.124877732,21.06%,21.06%,0.33,0.33,0.46,0.46
6/18/2019,5.90%,0.097008971,11.07%,0.125028908,21.06%,21.06%,0.34,0.34,0.48,0.48
6/19/2019,6.09%,0.102918295,11.06%,0.125228826,21.06%,21.06%,0.36,0.36,0.51,0.51
6/20/2019,6.73%,0.109309181,11.10%,0.125475725,21.06%,21.06%,0.42,0.42,0.59,0.59
6/21/2019,6.74%,0.108915402,11.09%,0.125379645,21.06%,21.06%,0.42,0.42,0.59,0.59
6/24/2019,6.65%,0.109192928,11.08%,0.125282994,21.06%,21.06%,0.41,0.41,0.58,0.58
6/25/2019,6.32%,0.106099984,11.08%,0.125266109,21.06%,21.06%,0.38,0.38,0.54,0.54
6/26/2019,6.51%,0.107122606,11.08%,0.125177837,21.06%,21.06%,0.4,0.4,0.56,0.56
6/27/2019,6.82%,0.110055373,11.08%,0.125153135,21.06%,21.06%,0.43,0.43,0.6,0.6
6/28/2019,6.88%,0.109895908,11.07%,0.125056928,21.06%,21.06%,0.43,0.43,0.6,0.6
07-01-2019,6.96%,0.113542983,11.06%,0.125072111,21.06%,21.06%,0.44,0.44,0.61,0.61
07-02-2019,7.02%,0.113660848,11.05%,0.124976104,21.06%,21.06%,0.44,0.44,0.62,0.62
07-03-2019,7.23%,0.111947103,11.05%,0.124905136,21.06%,21.06%,0.46,0.46,0.65,0.65
07-04-2019,7.43%,0.114003792,11.05%,0.124844701,21.06%,21.06%,0.48,0.48,0.67,0.67
07-05-2019,7.26%,0.111949986,11.04%,0.124785005,21.06%,21.06%,0.46,0.46,0.65,0.65
07-08-2019,6.59%,0.106445837,11.08%,0.124944638,21.06%,21.06%,0.4,0.4,0.57,0.57
07-09-2019,6.87%,0.104803979,11.08%,0.124872691,21.06%,21.06%,0.43,0.43,0.6,0.6
07-10-2019,7.31%,0.107278138,11.09%,0.124829762,21.06%,21.06%,0.47,0.47,0.66,0.66
07-11-2019,7.94%,0.109718075,11.12%,0.124785436,21.06%,21.06%,0.52,0.52,0.73,0.73
07-12-2019,7.64%,0.107886847,11.12%,0.124719674,21.06%,21.06%,0.5,0.5,0.7,0.7
7/15/2019,7.33%,0.110544854,11.12%,0.124685405,21.06%,21.06%,0.47,0.47,0.66,0.66
7/16/2019,7.01%,0.111469092,11.13%,0.124598167,21.06%,21.06%,0.44,0.44,0.62,0.62
7/17/2019,6.83%,0.109435714,11.12%,0.124539759,21.06%,21.06%,0.42,0.42,0.6,0.6
7/18/2019,6.73%,0.108022313,11.11%,0.124463277,21.06%,21.06%,0.42,0.42,0.59,0.59
7/19/2019,6.22%,0.110223083,11.13%,0.124411046,21.06%,21.06%,0.37,0.37,0.52,0.52
7/22/2019,5.78%,0.108620582,11.15%,0.124339936,21.06%,21.06%,0.33,0.33,0.47,0.47
7/23/2019,5.35%,0.109130668,11.16%,0.124248699,21.06%,21.06%,0.3,0.3,0.42,0.42
7/24/2019,5.17%,0.108940231,11.15%,0.124155883,21.06%,21.06%,0.28,0.28,0.39,0.39
7/25/2019,5.29%,0.108597628,11.14%,0.124064016,21.06%,21.06%,0.29,0.29,0.41,0.41
7/26/2019,5.39%,0.106204811,11.14%,0.124021599,21.06%,21.06%,0.3,0.3,0.42,0.42
7/29/2019,5.21%,0.104904188,11.13%,0.123944134,21.06%,21.06%,0.28,0.28,0.4,0.4
7/30/2019,5.02%,0.103753588,11.13%,0.123863663,21.06%,21.06%,0.27,0.27,0.38,0.38
7/31/2019,5.14%,0.101210437,11.12%,0.123829121,21.06%,21.06%,0.28,0.28,0.39,0.39
08-01-2019,4.95%,0.096148234,11.12%,0.123964813,21.06%,21.06%,0.26,0.26,0.37,0.37
08-02-2019,5.10%,0.087661429,11.11%,0.124513249,21.06%,21.06%,0.27,0.27,0.38,0.38
08-05-2019,3.73%,0.074995615,11.30%,0.125850004,21.06%,21.06%,0.15,0.15,0.22,0.22
08-06-2019,3.79%,0.074777336,11.30%,0.125757378,21.06%,21.06%,0.16,0.16,0.22,0.22
08-07-2019,3.68%,0.074669885,11.29%,0.125664598,21.06%,21.06%,0.15,0.15,0.21,0.21
08-08-2019,4.68%,0.079368166,11.39%,0.125777328,21.06%,21.06%,0.24,0.24,0.33,0.33
08-09-2019,4.94%,0.077995888,11.39%,0.125702316,21.06%,21.06%,0.26,0.26,0.37,0.37
08-12-2019,4.40%,0.075238274,11.41%,0.125680601,21.06%,21.06%,0.21,0.21,0.3,0.3
8/13/2019,4.10%,0.072961997,11.42%,0.125636953,21.06%,21.06%,0.19,0.19,0.26,0.26
8/14/2019,3.66%,0.071081382,11.43%,0.125578323,21.06%,21.06%,0.15,0.15,0.21,0.21
8/15/2019,3.50%,0.070617995,11.42%,0.125488491,21.06%,21.06%,0.13,0.13,0.19,0.19
8/16/2019,3.85%,0.073384187,11.43%,0.125468778,21.06%,21.06%,0.16,0.16,0.23,0.23
8/19/2019,4.06%,0.076323576,11.43%,0.125458293,21.06%,21.06%,0.18,0.18,0.26,0.26
8/20/2019,3.82%,0.077190729,11.42%,0.12537369,21.06%,21.06%,0.16,0.16,0.23,0.23
8/21/2019,3.64%,0.078301368,11.42%,0.125293764,21.06%,21.06%,0.15,0.15,0.21,0.21
8/22/2019,3.21%,0.075211695,11.43%,0.125292607,21.44%,21.44%,0.11,0.11,0.15,0.15
8/23/2019,2.70%,0.074302703,11.45%,0.12520967,22.49%,22.49%,0.06,0.06,0.09,0.09
8/26/2019,2.39%,0.069074125,11.45%,0.125377359,23.12%,23.12%,0.04,0.04,0.05,0.05
8/27/2019,2.45%,0.070513738,11.45%,0.125306198,23.12%,23.12%,0.04,0.04,0.06,0.06
8/28/2019,2.44%,0.070766114,11.44%,0.12521618,23.12%,23.12%,0.04,0.04,0.06,0.06
8/29/2019,2.66%,0.072660244,11.44%,0.125159922,23.12%,23.12%,0.06,0.06,0.09,0.09
8/30/2019,3.02%,0.078253739,11.44%,0.125370788,23.12%,23.12%,0.09,0.09,0.13,0.13
