Trade_Dt,a,b,c
02-01-2017,-0.0008,0.0266,-0.02664
03-01-2017,-0.005,0.0267,-0.0267
04-01-2017,0.0128,0.0269,-0.0269
05-01-2017,0.0165,0.0274,-0.02743
06-01-2017,0.0033,0.0271,-0.02711
09-01-2017,-0.0099,0.0273,-0.02735
10-01-2017,0.0016,0.0272,-0.02719
11-01-2017,0.0032,0.0271,-0.02705
12-01-2017,0.0035,0.0272,-0.02721
13-01-2017,-0.0054,0.027,-0.02697
16-01-2017,-0.0126,0.0267,-0.02667
17-01-2017,-0.0012,0.0266,-0.02659
18-01-2017,0.005,0.0267,-0.02673
19-01-2017,0.0024,0.0267,-0.02674
20-01-2017,0.0012,0.0266,-0.02663
23-01-2017,0.0079,0.027,-0.02696
24-01-2017,0.0184,0.0275,-0.02754
25-01-2017,0.0055,0.0276,-0.02757
26-01-2017,0.0024,0.0276,-0.02757
27-01-2017,0.005,0.0275,-0.02752
30-01-2017,-0.0063,0.0271,-0.02711
31-01-2017,0.0002,0.0269,-0.02693
01-02-2017,0.0107,0.0266,-0.02662
02-02-2017,-0.0034,0.0267,-0.02667
03-02-2017,0,0.0264,-0.02643
06-02-2017,0.0073,0.0259,-0.02592
07-02-2017,-0.0019,0.024,-0.024
08-02-2017,0.002,0.0224,-0.02239
09-02-2017,0.0001,0.0168,-0.01676
10-02-2017,0.0086,0.0168,-0.01682
13-02-2017,0.0026,0.0166,-0.01664
14-02-2017,-0.0039,0.0167,-0.01671
15-02-2017,0.0024,0.0167,-0.0167
16-02-2017,0.0025,0.0167,-0.01668
17-02-2017,-0.0009,0.0166,-0.01657
20-02-2017,0.0021,0.0162,-0.01624
21-02-2017,0.002,0.0158,-0.01579
22-02-2017,-0.0024,0.0158,-0.01577
23-02-2017,0.0026,0.0158,-0.01575
24-02-2017,-0.0032,0.0157,-0.01566
27-02-2017,0.0043,0.0157,-0.01571
28-02-2017,-0.0045,0.0157,-0.01575
01-03-2017,-0.0018,0.0151,-0.01515
02-03-2017,-0.0058,0.0152,-0.01522
03-03-2017,0.0002,0.0152,-0.01517
06-03-2017,0.007,0.0154,-0.01539
07-03-2017,-0.0015,0.0154,-0.01537
08-03-2017,-0.0075,0.0153,-0.01532
09-03-2017,-0.0031,0.0153,-0.01535
10-03-2017,0.007,0.0153,-0.01526
13-03-2017,0.0054,0.0149,-0.0149
14-03-2017,0.0121,0.015,-0.01501
15-03-2017,0.0133,0.0149,-0.01494
16-03-2017,0.0098,0.0152,-0.01521
17-03-2017,0.0085,0.0152,-0.01516
20-03-2017,-0.0027,0.015,-0.01502
21-03-2017,0.002,0.0151,-0.0151
22-03-2017,-0.0109,0.0152,-0.01516
23-03-2017,0.0028,0.0152,-0.01521
24-03-2017,0.0064,0.0151,-0.01511
27-03-2017,-0.0011,0.0147,-0.01472
28-03-2017,0.0009,0.0145,-0.01454
29-03-2017,0.0065,0.0138,-0.01375
30-03-2017,0.0027,0.0137,-0.01371
31-03-2017,-0.0018,0.0137,-0.01372
03-04-2017,0.0057,0.0136,-0.01361
04-04-2017,0.0013,0.0134,-0.01341
05-04-2017,0.0117,0.0134,-0.01344
06-04-2017,-0.0006,0.0134,-0.01344
07-04-2017,0.0108,0.0136,-0.01358
10-04-2017,0.0009,0.0134,-0.01337
11-04-2017,-0.0008,0.0134,-0.01338
12-04-2017,0.0023,0.0133,-0.01327
13-04-2017,-0.0036,0.0131,-0.01311
14-04-2017,-0.0006,0.0123,-0.0123
17-04-2017,-0.0023,0.012,-0.01202
18-04-2017,-0.0013,0.012,-0.01202
19-04-2017,-0.0006,0.012,-0.012
20-04-2017,0.0044,0.012,-0.01203
21-04-2017,-0.0005,0.012,-0.01198
24-04-2017,0.0116,0.0114,-0.01137
25-04-2017,0.0091,0.0114,-0.01142
26-04-2017,0.0048,0.0115,-0.0115
27-04-2017,-0.0045,0.0117,-0.01167
28-04-2017,0.0019,0.012,-0.01205
01-05-2017,0.0009,0.0121,-0.01213
02-05-2017,0.0088,0.0121,-0.0121
03-05-2017,-0.0012,0.0121,-0.01213
04-05-2017,-0.0065,0.0124,-0.01238
05-05-2017,-0.001,0.0123,-0.01231
08-05-2017,0.0039,0.0123,-0.01235
09-05-2017,0.0051,0.0124,-0.01236
10-05-2017,0.0038,0.0126,-0.01256
11-05-2017,0.0113,0.0123,-0.01235
12-05-2017,0.0034,0.0124,-0.01236
15-05-2017,0.0112,0.0126,-0.01256
16-05-2017,-0.0013,0.0126,-0.01262
17-05-2017,-0.0083,0.0128,-0.01281
18-05-2017,-0.0307,0.0164,-0.01642
19-05-2017,0.0105,0.0168,-0.01681
22-05-2017,-0.009,0.017,-0.017
23-05-2017,-0.0057,0.0172,-0.01716
24-05-2017,-0.0003,0.0174,-0.0174
25-05-2017,0.0074,0.0175,-0.01753
26-05-2017,0.0044,0.0176,-0.01763
29-05-2017,-0.0014,0.0177,-0.01768
30-05-2017,-0.0072,0.0177,-0.01768
31-05-2017,0.0028,0.0176,-0.01759
01-06-2017,0.0033,0.0176,-0.01755
02-06-2017,0.0033,0.0174,-0.01735
05-06-2017,0.0077,0.0171,-0.01713
06-06-2017,-0.0057,0.017,-0.01704
07-06-2017,0.0017,0.0171,-0.01708
08-06-2017,0.0084,0.017,-0.01705
09-06-2017,0.0041,0.0169,-0.01693
12-06-2017,-0.003,0.0167,-0.01671
13-06-2017,0.0058,0.0165,-0.0165
14-06-2017,0.0057,0.0164,-0.01637
15-06-2017,-0.0026,0.0164,-0.01645
16-06-2017,0.0003,0.0164,-0.01639
19-06-2017,-0.0005,0.0165,-0.01651
20-06-2017,-0.0073,0.0162,-0.01621
21-06-2017,-0.0035,0.0162,-0.01623
22-06-2017,0.0019,0.0162,-0.01623
23-06-2017,-0.0057,0.0162,-0.01616
26-06-2017,0.0045,0.0164,-0.01637
27-06-2017,0.0002,0.0163,-0.01626
28-06-2017,0.002,0.0163,-0.01626
29-06-2017,-0.0019,0.0163,-0.01625
30-06-2017,0.0039,0.0163,-0.01625
03-07-2017,0.0094,0.0162,-0.01625
04-07-2017,-0.0025,0.0162,-0.01621
05-07-2017,0.0036,0.0163,-0.01627
06-07-2017,0.004,0.016,-0.01603
07-07-2017,0.0027,0.0159,-0.01587
10-07-2017,-0.0012,0.0161,-0.01606
11-07-2017,0.0015,0.016,-0.01602
12-07-2017,0.0088,0.0163,-0.01632
13-07-2017,0.0099,0.0167,-0.01666
14-07-2017,0.0014,0.0166,-0.01662
17-07-2017,-0.0008,0.0167,-0.01667
18-07-2017,0.0065,0.0167,-0.0167
19-07-2017,0.001,0.0168,-0.01677
20-07-2017,-0.0045,0.0169,-0.01688
21-07-2017,0.0049,0.0169,-0.0169
24-07-2017,0.0005,0.0166,-0.01657
25-07-2017,0.0028,0.0165,-0.01651
26-07-2017,0.0026,0.0163,-0.01631
27-07-2017,-0.0011,0.0164,-0.01638
28-07-2017,0.0014,0.0162,-0.01617
31-07-2017,0.0086,0.0164,-0.01636
01-08-2017,-0.0013,0.0164,-0.01641
02-08-2017,0.0065,0.0166,-0.01655
03-08-2017,-0.0047,0.0165,-0.01655
04-08-2017,0.0029,0.0164,-0.01642
07-08-2017,0.0059,0.0165,-0.01651
08-08-2017,0,0.0164,-0.01642
09-08-2017,-0.0098,0.0166,-0.01657
10-08-2017,-0.0161,0.0171,-0.01705
11-08-2017,-0.0053,0.017,-0.01696
14-08-2017,0.0072,0.017,-0.01698
15-08-2017,-0.0018,0.0168,-0.01677
16-08-2017,0.0104,0.0132,-0.01316
17-08-2017,-0.002,0.0127,-0.01265
18-08-2017,0.0039,0.0126,-0.01256
21-08-2017,-0.0032,0.012,-0.01202
22-08-2017,0.0021,0.012,-0.01203
23-08-2017,0.0007,0.0119,-0.01187
24-08-2017,-0.0005,0.0119,-0.01187
25-08-2017,-0.0016,0.0116,-0.01158
28-08-2017,0.0037,0.0117,-0.01166
29-08-2017,-0.0047,0.0116,-0.01159
30-08-2017,0.007,0.0116,-0.01165
31-08-2017,-0.0009,0.0117,-0.01166
01-09-2017,-0.0003,0.0116,-0.01159
04-09-2017,-0.0026,0.0115,-0.01149
05-09-2017,0.0011,0.0116,-0.01155
06-09-2017,0.0009,0.0114,-0.01143
07-09-2017,0.0092,0.0118,-0.01178
08-09-2017,0.0055,0.0118,-0.01176
11-09-2017,0.0041,0.0119,-0.01187
12-09-2017,0.0007,0.0116,-0.01162
13-09-2017,-0.0021,0.0115,-0.01148
14-09-2017,0.0023,0.0115,-0.0115
15-09-2017,0.0035,0.0115,-0.01147
18-09-2017,0.008,0.0116,-0.01159
19-09-2017,-0.0005,0.0116,-0.01156
20-09-2017,-0.0027,0.0116,-0.01159
21-09-2017,-0.005,0.0116,-0.01164
22-09-2017,0.0016,0.0116,-0.01156
25-09-2017,-0.0113,0.0121,-0.0121
26-09-2017,-0.0005,0.0122,-0.01218
27-09-2017,-0.008,0.0124,-0.01237
28-09-2017,0.0004,0.0128,-0.01283
29-09-2017,0.0091,0.013,-0.01302
02-10-2017,0.0055,0.0129,-0.01287
03-10-2017,0.0067,0.0131,-0.01307
04-10-2017,0.0035,0.013,-0.01301
05-10-2017,-0.0073,0.0132,-0.01323
06-10-2017,-0.0012,0.0131,-0.01314
09-10-2017,-0.0011,0.0133,-0.01331
10-10-2017,0.0054,0.0132,-0.01322
11-10-2017,-0.003,0.013,-0.01303
12-10-2017,0.0019,0.013,-0.01301
13-10-2017,0.0023,0.013,-0.01296
16-10-2017,0.0039,0.013,-0.01301
17-10-2017,-0.004,0.0131,-0.01307
18-10-2017,-0.003,0.0132,-0.01316
19-10-2017,-0.004,0.0131,-0.01313
20-10-2017,0.0006,0.0131,-0.01312
23-10-2017,0.0002,0.0131,-0.01315
24-10-2017,-0.0014,0.0132,-0.0132
25-10-2017,0.0013,0.0131,-0.01313
26-10-2017,-0.0084,0.0132,-0.01322
27-10-2017,0.0041,0.013,-0.01301
30-10-2017,0.0004,0.0127,-0.01266
31-10-2017,0.002,0.0124,-0.0124
01-11-2017,-0.0016,0.0124,-0.01242
02-11-2017,0.0044,0.0125,-0.01246
03-11-2017,-0.0091,0.0127,-0.01269
06-11-2017,0.0078,0.0128,-0.01279
07-11-2017,-0.009,0.0127,-0.01269
08-11-2017,0.0072,0.0121,-0.01209
09-11-2017,0.0024,0.0117,-0.0117
10-11-2017,-0.0141,0.0121,-0.01209
13-11-2017,-0.0023,0.0114,-0.0114
14-11-2017,-0.006,0.0114,-0.01136
15-11-2017,0.0058,0.0114,-0.01141
16-11-2017,0.0117,0.012,-0.01201
17-11-2017,0.0085,0.0121,-0.01207
20-11-2017,-0.0046,0.0122,-0.01225
21-11-2017,0.0094,0.0126,-0.01256
22-11-2017,0.0051,0.0126,-0.0126
23-11-2017,0.0016,0.0124,-0.01244
24-11-2017,0.0018,0.0124,-0.01236
27-11-2017,0.0062,0.0124,-0.01244
28-11-2017,0.0002,0.0124,-0.01235
29-11-2017,-0.0018,0.0123,-0.01231
30-11-2017,-0.0079,0.0124,-0.01243
01-12-2017,-0.0034,0.0123,-0.01232
04-12-2017,-0.0068,0.0126,-0.01259
05-12-2017,-0.0032,0.0125,-0.01255
06-12-2017,0.0013,0.0123,-0.01232
07-12-2017,0.0017,0.0122,-0.01219
08-12-2017,0.0086,0.0123,-0.01228
11-12-2017,0.002,0.0124,-0.01238
12-12-2017,-0.0084,0.0126,-0.01261
13-12-2017,0.003,0.0128,-0.01279
14-12-2017,-0.0007,0.0127,-0.0127
15-12-2017,0.0061,0.0126,-0.01262
18-12-2017,0.0134,0.0132,-0.01322
19-12-2017,0.0086,0.0133,-0.01334
20-12-2017,-0.002,0.0134,-0.01342
21-12-2017,-0.0002,0.0134,-0.0134
22-12-2017,-0.0003,0.0133,-0.01329
25-12-2017,0.0014,0.0129,-0.0129
26-12-2017,0.0003,0.0128,-0.01283
27-12-2017,0.0036,0.0129,-0.01285
28-12-2017,0.0043,0.0128,-0.01277
29-12-2017,0.0072,0.0127,-0.01275
01-01-2018,-0.0002,0.0126,-0.01263
02-01-2018,0.0024,0.0126,-0.0126
03-01-2018,-0.0001,0.0128,-0.0128
04-01-2018,0.0024,0.0128,-0.01282
05-01-2018,0.0032,0.0127,-0.01268
08-01-2018,-0.0002,0.0127,-0.01268
09-01-2018,-0.0021,0.0125,-0.01252
10-01-2018,-0.0095,0.0128,-0.01284
11-01-2018,-0.0022,0.0128,-0.01283
12-01-2018,-0.0028,0.0128,-0.01279
15-01-2018,0.0038,0.0129,-0.01289
16-01-2018,-0.0033,0.0128,-0.01285
17-01-2018,0.0032,0.0128,-0.01284
18-01-2018,-0.0024,0.013,-0.01296
19-01-2018,0.001,0.0129,-0.01286
22-01-2018,-0.0039,0.0129,-0.01289
23-01-2018,-0.0062,0.013,-0.01296
24-01-2018,0.0085,0.0132,-0.01317
25-01-2018,0.0011,0.0131,-0.01306
26-01-2018,0.0036,0.0131,-0.01307
29-01-2018,-0.0049,0.0131,-0.01308
30-01-2018,-0.0146,0.0137,-0.01373
31-01-2018,0.0034,0.014,-0.01396
01-02-2018,-0.0023,0.0138,-0.01377
02-02-2018,-0.0207,0.0149,-0.01488
05-02-2018,-0.0148,0.015,-0.01502
06-02-2018,0.0006,0.0149,-0.01487
07-02-2018,0.0008,0.0152,-0.01517
08-02-2018,0.0018,0.0143,-0.01428
09-02-2018,-0.0058,0.0145,-0.01448
12-02-2018,0.0079,0.0147,-0.01467
13-02-2018,-0.0004,0.0144,-0.01445
14-02-2018,0.0084,0.0144,-0.01436
15-02-2018,0.0058,0.0142,-0.01425
16-02-2018,-0.0037,0.0141,-0.01415
19-02-2018,-0.0002,0.0138,-0.0138
20-02-2018,-0.0044,0.0138,-0.01381
21-02-2018,0.0058,0.014,-0.014
22-02-2018,-0.0073,0.0141,-0.01405
23-02-2018,0.0188,0.0149,-0.01487
26-02-2018,0.0035,0.0149,-0.0149
27-02-2018,-0.003,0.0149,-0.01485
28-02-2018,-0.0039,0.0146,-0.0146
01-03-2018,-0.0046,0.0146,-0.01458
02-03-2018,0.0006,0.0145,-0.01451
05-03-2018,-0.0073,0.0146,-0.01459
06-03-2018,-0.0071,0.0147,-0.01468
07-03-2018,-0.0021,0.0147,-0.0147
08-03-2018,-0.0031,0.0145,-0.01445
09-03-2018,0.0086,0.0147,-0.01475
12-03-2018,0.0062,0.0146,-0.01457
13-03-2018,-0.0027,0.0146,-0.01464
14-03-2018,-0.0036,0.0147,-0.01473
15-03-2018,-0.0036,0.0146,-0.01461
16-03-2018,-0.0048,0.0145,-0.01451
19-03-2018,-0.0073,0.0138,-0.01379
20-03-2018,0.0004,0.0139,-0.01389
21-03-2018,0.0006,0.0139,-0.01387
22-03-2018,-0.0068,0.014,-0.01396
23-03-2018,-0.0068,0.014,-0.01397
26-03-2018,0.0088,0.0143,-0.01428
27-03-2018,0.0064,0.0149,-0.01487
28-03-2018,-0.005,0.0149,-0.01487
29-03-2018,0.0055,0.0146,-0.01465
30-03-2018,0.0005,0.0146,-0.01461
02-04-2018,-0.0006,0.0148,-0.01478
03-04-2018,0.0014,0.0147,-0.01468
04-04-2018,0.0003,0.0149,-0.01488
05-04-2018,0.0174,0.0154,-0.01543
06-04-2018,-0.0017,0.0153,-0.01533
09-04-2018,0.0041,0.0158,-0.01581
10-04-2018,0.004,0.0157,-0.01575
11-04-2018,0.003,0.0157,-0.01568
12-04-2018,-0.0015,0.0159,-0.01587
13-04-2018,0.0015,0.0159,-0.0159
16-04-2018,-0.002,0.0159,-0.01593
17-04-2018,-0.0051,0.0161,-0.01611
18-04-2018,0.0014,0.0161,-0.0161
19-04-2018,-0.003,0.0163,-0.01629
20-04-2018,-0.005,0.0164,-0.01638
23-04-2018,-0.0104,0.0173,-0.01728
24-04-2018,-0.002,0.017,-0.017
25-04-2018,-0.0104,0.0172,-0.0172
26-04-2018,0.0049,0.0174,-0.01744
27-04-2018,0.0113,0.0179,-0.01785
30-04-2018,0.006,0.0176,-0.0176
01-05-2018,-0.0019,0.0175,-0.01749
02-05-2018,-0.0119,0.0178,-0.01779
03-05-2018,-0.0113,0.0169,-0.0169
04-05-2018,-0.0099,0.0169,-0.01691
07-05-2018,0.0013,0.0166,-0.0166
08-05-2018,-0.0013,0.0166,-0.0166
09-05-2018,-0.0094,0.0167,-0.01673
10-05-2018,0.0061,0.0168,-0.01681
11-05-2018,0.0028,0.0164,-0.01642
14-05-2018,-0.0094,0.0163,-0.01629
15-05-2018,-0.0127,0.0166,-0.01664
16-05-2018,0.0038,0.0167,-0.01668
17-05-2018,-0.0072,0.0168,-0.0168
18-05-2018,-0.0174,0.0172,-0.01718
21-05-2018,-0.0005,0.0173,-0.01729
22-05-2018,0.0105,0.0177,-0.01771
23-05-2018,-0.0083,0.0178,-0.01783
24-05-2018,-0.0029,0.0169,-0.01692
25-05-2018,0.0083,0.0171,-0.01714
28-05-2018,0.0008,0.0171,-0.01709
29-05-2018,-0.0042,0.0171,-0.01705
30-05-2018,-0.0033,0.017,-0.01705
31-05-2018,0.0039,0.017,-0.01701
01-06-2018,0.0001,0.017,-0.01697
04-06-2018,0.0061,0.017,-0.01704
05-06-2018,-0.0067,0.017,-0.01701
06-06-2018,0.0004,0.0172,-0.01723
07-06-2018,-0.0088,0.017,-0.01697
08-06-2018,0.0079,0.0173,-0.01728
11-06-2018,-0.0034,0.0173,-0.01732
12-06-2018,0.0062,0.0175,-0.0175
13-06-2018,0.002,0.0176,-0.01759
14-06-2018,-0.0038,0.0176,-0.01757
15-06-2018,-0.0021,0.0174,-0.01743
18-06-2018,-0.0052,0.0175,-0.01751
19-06-2018,-0.0074,0.0178,-0.01777
20-06-2018,0.002,0.0177,-0.01769
21-06-2018,-0.009,0.0174,-0.01744
22-06-2018,0.0089,0.0176,-0.01761
25-06-2018,0.0076,0.0171,-0.01705
26-06-2018,-0.0044,0.017,-0.01704
27-06-2018,-0.017,0.0176,-0.01761
28-06-2018,-0.01,0.0179,-0.01785
29-06-2018,0.0173,0.0189,-0.01895
02-07-2018,-0.0089,0.0191,-0.01913
03-07-2018,0.0063,0.0193,-0.0193
04-07-2018,0.0023,0.0187,-0.01871
05-07-2018,0.0003,0.0187,-0.01865
06-07-2018,0.0066,0.0187,-0.01874
09-07-2018,0.013,0.0189,-0.01885
10-07-2018,0.0053,0.0189,-0.01888
11-07-2018,-0.0073,0.0189,-0.01894
12-07-2018,0.0077,0.0194,-0.01938
13-07-2018,0.0037,0.0191,-0.01909
16-07-2018,-0.0048,0.0193,-0.01928
17-07-2018,0.009,0.0195,-0.01952
18-07-2018,-0.0063,0.0193,-0.01929
19-07-2018,-0.011,0.0197,-0.01966
20-07-2018,0.0141,0.0204,-0.02039
23-07-2018,0.0013,0.0202,-0.02022
24-07-2018,0.0061,0.02,-0.02001
25-07-2018,0.0021,0.0198,-0.01984
26-07-2018,-0.003,0.0194,-0.01938
27-07-2018,0.0003,0.0191,-0.01906
30-07-2018,-0.0002,0.019,-0.01899
31-07-2018,-0.002,0.019,-0.01904
01-08-2018,0.0064,0.0188,-0.01877
02-08-2018,-0.0109,0.0189,-0.01893
03-08-2018,0.0081,0.019,-0.01905
06-08-2018,-0.0037,0.0192,-0.01922
07-08-2018,0.0041,0.0193,-0.01929
08-08-2018,-0.0017,0.0189,-0.01894
09-08-2018,0.0044,0.019,-0.01896
10-08-2018,-0.0165,0.0192,-0.01922
13-08-2018,-0.0102,0.0191,-0.01908
14-08-2018,0.0076,0.0193,-0.01932
15-08-2018,-0.0089,0.0188,-0.01879
16-08-2018,-0.0041,0.0187,-0.01868
17-08-2018,0.0073,0.0175,-0.01749
20-08-2018,0.008,0.0177,-0.01769
21-08-2018,-0.001,0.0175,-0.01748
22-08-2018,0.0018,0.0172,-0.0172
23-08-2018,0,0.017,-0.01698
24-08-2018,0.0014,0.0168,-0.01682
27-08-2018,0.0139,0.0172,-0.01723
28-08-2018,-0.0006,0.0172,-0.01724
29-08-2018,-0.0013,0.0173,-0.01734
30-08-2018,-0.0102,0.0177,-0.0177
31-08-2018,0.0024,0.0179,-0.01792
03-09-2018,-0.01,0.018,-0.01802
04-09-2018,-0.0092,0.0181,-0.01812
05-09-2018,-0.0138,0.0189,-0.01891
06-09-2018,-0.0032,0.0188,-0.01878
07-09-2018,0.0144,0.0194,-0.01939
10-09-2018,-0.0134,0.0198,-0.01979
11-09-2018,-0.0126,0.0203,-0.02031
12-09-2018,0.0027,0.0203,-0.02031
13-09-2018,0.0067,0.0204,-0.02039
14-09-2018,0.0109,0.0203,-0.0203
17-09-2018,-0.0092,0.0205,-0.0205
18-09-2018,0.0052,0.0204,-0.02036
19-09-2018,0.0022,0.0205,-0.02054
20-09-2018,0.0021,0.0201,-0.02015
21-09-2018,0.006,0.0201,-0.02009
24-09-2018,-0.0241,0.0215,-0.0215
25-09-2018,0.0058,0.0216,-0.02155
26-09-2018,-0.0032,0.021,-0.02097
27-09-2018,0.0017,0.0206,-0.02059
28-09-2018,-0.0119,0.02,-0.01997
01-10-2018,0.0044,0.0199,-0.01991
02-10-2018,-0.0043,0.0202,-0.02023
03-10-2018,-0.0051,0.0203,-0.02031
04-10-2018,-0.0195,0.0218,-0.02181
05-10-2018,-0.0174,0.0226,-0.02257
08-10-2018,0.0021,0.0222,-0.02216
09-10-2018,0.0012,0.0223,-0.02231
10-10-2018,0.0054,0.0225,-0.0225
11-10-2018,-0.0271,0.0242,-0.02416
12-10-2018,0.0233,0.0257,-0.02567
15-10-2018,-0.0073,0.0257,-0.02575
16-10-2018,0.0148,0.026,-0.02596
17-10-2018,-0.0047,0.0257,-0.02569
18-10-2018,-0.0087,0.0256,-0.02556
19-10-2018,-0.0001,0.0252,-0.02524
22-10-2018,0.004,0.0255,-0.02546
23-10-2018,-0.0076,0.0257,-0.02571
24-10-2018,-0.0121,0.026,-0.02599
25-10-2018,0.0023,0.026,-0.02598
26-10-2018,0.0051,0.0262,-0.02617
29-10-2018,-0.0041,0.0262,-0.02625
30-10-2018,0.0038,0.0259,-0.02588
31-10-2018,0.0069,0.0258,-0.02581
01-11-2018,0.0114,0.0241,-0.02408
02-11-2018,0.0168,0.0253,-0.02527
05-11-2018,0.0049,0.0253,-0.02535
06-11-2018,-0.0065,0.0257,-0.02569
07-11-2018,0.0047,0.0257,-0.02569
08-11-2018,-0.0131,0.0265,-0.02652
09-11-2018,0.004,0.0263,-0.02634
12-11-2018,-0.0131,0.026,-0.02604
13-11-2018,0.0018,0.0262,-0.0262
14-11-2018,-0.0014,0.0254,-0.02542
15-11-2018,0.0032,0.0254,-0.02535
16-11-2018,0.0088,0.0257,-0.02566
19-11-2018,0.0039,0.0257,-0.02568
20-11-2018,0,0.0259,-0.02585
21-11-2018,0.0048,0.0257,-0.02565
22-11-2018,0.0059,0.0256,-0.02564
23-11-2018,-0.0045,0.0258,-0.02579
26-11-2018,-0.0041,0.0255,-0.02549
27-11-2018,0.0066,0.0255,-0.02554
28-11-2018,0.0029,0.0254,-0.02537
29-11-2018,0.0067,0.0249,-0.02495
30-11-2018,0.0054,0.0252,-0.02521
03-12-2018,0.0013,0.025,-0.02497
04-12-2018,-0.0072,0.0247,-0.02472
05-12-2018,-0.008,0.0244,-0.02443
06-12-2018,-0.0189,0.0253,-0.02532
07-12-2018,-0.002,0.0251,-0.02512
10-12-2018,-0.011,0.0253,-0.02535
11-12-2018,0.0046,0.0248,-0.02479
12-12-2018,0.019,0.0252,-0.02518
13-12-2018,0.0061,0.0251,-0.02515
14-12-2018,-0.0081,0.0254,-0.02541
17-12-2018,-0.0028,0.0253,-0.02527
18-12-2018,0.0005,0.0253,-0.02534
19-12-2018,0.0069,0.0252,-0.02525
20-12-2018,0.0033,0.0252,-0.02522
21-12-2018,-0.012,0.0254,-0.02535
24-12-2018,-0.0055,0.024,-0.02396
25-12-2018,-0.0018,0.024,-0.024
26-12-2018,-0.003,0.0241,-0.0241
27-12-2018,0.0035,0.024,-0.02404
28-12-2018,0.016,0.0242,-0.02416
31-12-2018,0.0048,0.0247,-0.02466
01-01-2019,-0.0004,0.0214,-0.0214
02-01-2019,-0.0146,0.0217,-0.02173
03-01-2019,-0.0061,0.0213,-0.02132
04-01-2019,0.0092,0.0213,-0.02134
07-01-2019,-0.0004,0.0213,-0.02127
08-01-2019,0.0009,0.0213,-0.02128
09-01-2019,0.018,0.0214,-0.02135
10-01-2019,0.0061,0.0213,-0.02129
11-01-2019,0.0038,0.0213,-0.02129
14-01-2019,0.0003,0.0214,-0.0214
15-01-2019,0.0006,0.0213,-0.02132
16-01-2019,0.0002,0.0213,-0.02132
17-01-2019,0,0.0214,-0.02137
18-01-2019,-0.0043,0.0213,-0.02131
21-01-2019,-0.0031,0.0214,-0.02138
22-01-2019,-0.0074,0.0213,-0.02134
23-01-2019,0.0041,0.0214,-0.02139
24-01-2019,0.0088,0.0214,-0.02141
25-01-2019,-0.001,0.0213,-0.02135
28-01-2019,-0.0019,0.0211,-0.02109
29-01-2019,0.0021,0.0211,-0.02111
30-01-2019,0.008,0.0211,-0.02113
31-01-2019,0.0107,0.021,-0.02105
01-02-2019,0.0067,0.0212,-0.02121
04-02-2019,-0.0033,0.021,-0.02098
05-02-2019,0.0042,0.0209,-0.02091
06-02-2019,-0.0071,0.0206,-0.02063
07-02-2019,-0.0008,0.0206,-0.0206
08-02-2019,-0.0038,0.0205,-0.02049
11-02-2019,-0.0049,0.0205,-0.02053
12-02-2019,0.0054,0.0205,-0.02053
13-02-2019,-0.0101,0.0204,-0.02044
14-02-2019,0.0081,0.0205,-0.02046
15-02-2019,-0.0131,0.0205,-0.02047
18-02-2019,-0.0004,0.0204,-0.02043
19-02-2019,-0.0007,0.0203,-0.02033
20-02-2019,0.0012,0.0204,-0.02036
21-02-2019,0.0024,0.0203,-0.02033
22-02-2019,0.0023,0.0204,-0.02038
25-02-2019,0.0042,0.0202,-0.02025
26-02-2019,-0.0002,0.0202,-0.02018
27-02-2019,0.0013,0.0202,-0.02024
28-02-2019,-0.0064,0.0202,-0.02025
01-03-2019,0.0004,0.0203,-0.0203
04-03-2019,0.0003,0.0204,-0.02036
05-03-2019,0.0163,0.0205,-0.02047
06-03-2019,0.0008,0.0205,-0.02048
07-03-2019,-0.0058,0.0204,-0.02044
08-03-2019,-0.0036,0.0205,-0.02049
11-03-2019,0.0173,0.0207,-0.02067
12-03-2019,-0.0008,0.0207,-0.02066
13-03-2019,-0.0023,0.0206,-0.0206
14-03-2019,0,0.0206,-0.02058
15-03-2019,0.0088,0.0206,-0.02064
18-03-2019,0.0074,0.0207,-0.02075
19-03-2019,-0.0033,0.0206,-0.02057
20-03-2019,-0.0034,0.0204,-0.02043
21-03-2019,0,0.0204,-0.02036
22-03-2019,-0.0118,0.0203,-0.02025
25-03-2019,-0.001,0.0202,-0.02018
26-03-2019,0.0128,0.0202,-0.0202
27-03-2019,-0.006,0.0203,-0.02029
28-03-2019,0.0105,0.0203,-0.02029
29-03-2019,0.0082,0.0205,-0.02046
01-04-2019,0.0107,0.0207,-0.02065
02-04-2019,-0.0009,0.0205,-0.02051
03-04-2019,-0.004,0.0207,-0.02067
04-04-2019,-0.0095,0.0207,-0.02073
05-04-2019,0.0044,0.0207,-0.02069
08-04-2019,-0.0053,0.0207,-0.02071
09-04-2019,0.0064,0.0207,-0.02069
10-04-2019,0.0021,0.0206,-0.02058
11-04-2019,-0.0061,0.0206,-0.02056
12-04-2019,-0.0028,0.0205,-0.02051
15-04-2019,0.0001,0.0205,-0.02054
16-04-2019,0.003,0.0205,-0.02049
17-04-2019,-0.0054,0.0205,-0.02047
18-04-2019,-0.0062,0.0207,-0.02066
19-04-2019,-0.0006,0.0207,-0.02066
22-04-2019,-0.011,0.0206,-0.02064
23-04-2019,-0.0003,0.0205,-0.02046
24-04-2019,-0.0006,0.0204,-0.02037
25-04-2019,0.0029,0.0203,-0.02035
26-04-2019,0.002,0.0202,-0.02018
29-04-2019,0.0024,0.0202,-0.02017
30-04-2019,0.006,0.0203,-0.02035
01-05-2019,-0.0001,0.0203,-0.02031
02-05-2019,-0.0079,0.0202,-0.02023
03-05-2019,0.003,0.0201,-0.02008
06-05-2019,-0.0211,0.0202,-0.02022
07-05-2019,-0.0039,0.0202,-0.02023
08-05-2019,-0.0046,0.0204,-0.02035
09-05-2019,-0.0061,0.0205,-0.0205
10-05-2019,0.0006,0.0205,-0.02048
13-05-2019,-0.0226,0.021,-0.02099
14-05-2019,-0.0024,0.021,-0.02102
15-05-2019,0.0021,0.021,-0.02101
16-05-2019,-0.0033,0.021,-0.02104
17-05-2019,-0.0005,0.0212,-0.02115
20-05-2019,0.011,0.0211,-0.02112
21-05-2019,0.0104,0.0213,-0.02129
22-05-2019,0.0043,0.0212,-0.02117
23-05-2019,-0.0145,0.0212,-0.0212
24-05-2019,0.0057,0.0211,-0.02112
27-05-2019,-0.003,0.0211,-0.02109
28-05-2019,0.006,0.0211,-0.02107
29-05-2019,-0.0033,0.021,-0.02097
30-05-2019,0.0037,0.021,-0.02095
31-05-2019,0.0015,0.021,-0.021
03-06-2019,0.0158,0.0212,-0.02116
04-06-2019,-0.008,0.0213,-0.02127
05-06-2019,-0.0056,0.0212,-0.02116
06-06-2019,-0.0039,0.0212,-0.02118
07-06-2019,0.0001,0.0213,-0.0213
10-06-2019,0.0068,0.0213,-0.0213
11-06-2019,0.0097,0.0212,-0.02124
12-06-2019,-0.0036,0.0213,-0.02129
13-06-2019,0.0028,0.0212,-0.0212
14-06-2019,-0.0107,0.0213,-0.02126
17-06-2019,-0.004,0.0212,-0.02124
18-06-2019,0.0045,0.0213,-0.02131
19-06-2019,0.0049,0.0212,-0.02123
20-06-2019,0.0156,0.0212,-0.02122
21-06-2019,0.0005,0.0213,-0.02129
24-06-2019,-0.0019,0.0212,-0.02118
25-06-2019,-0.0077,0.0212,-0.02115
26-06-2019,0.005,0.0211,-0.02109
27-06-2019,0.0078,0.0206,-0.02063
28-06-2019,0.0016,0.0205,-0.02051
01-07-2019,0.0021,0.0209,-0.02091
02-07-2019,0.0017,0.0208,-0.02083
03-07-2019,0.0055,0.0207,-0.02068
04-07-2019,0.0052,0.0207,-0.02074
05-07-2019,-0.0039,0.0208,-0.02077
08-07-2019,-0.0161,0.021,-0.02097
09-07-2019,0.0071,0.021,-0.021
10-07-2019,0.0112,0.021,-0.02097
11-07-2019,0.0156,0.0212,-0.02116
12-07-2019,-0.0069,0.0212,-0.02116
15-07-2019,-0.0073,0.0212,-0.02117
16-07-2019,-0.0075,0.0213,-0.02127
17-07-2019,-0.0043,0.0213,-0.02126
18-07-2019,-0.0021,0.021,-0.02099
19-07-2019,-0.0123,0.0211,-0.02108
22-07-2019,-0.0107,0.021,-0.02101
23-07-2019,-0.0104,0.021,-0.02097
24-07-2019,-0.0044,0.0209,-0.02092
25-07-2019,0.0033,0.0211,-0.02106
26-07-2019,0.0028,0.0211,-0.02113
29-07-2019,-0.0045,0.0211,-0.02107
30-07-2019,-0.0046,0.0211,-0.02108
31-07-2019,0.0031,0.021,-0.02104
01-08-2019,-0.0045,0.0208,-0.02078
02-08-2019,0.0041,0.0209,-0.02087
05-08-2019,-0.0345,0.0211,-0.02112
06-08-2019,0.0016,0.0212,-0.02118
07-08-2019,-0.0025,0.0212,-0.02116
08-08-2019,0.0263,0.0214,-0.02142
09-08-2019,0.0069,0.0213,-0.02128
12-08-2019,-0.0137,0.021,-0.02099
13-08-2019,-0.0074,0.021,-0.02098
14-08-2019,-0.0115,0.0207,-0.02074
15-08-2019,-0.0039,0.0206,-0.02064
16-08-2019,0.0094,0.0205,-0.02048
19-08-2019,0.0057,0.0205,-0.02055
20-08-2019,-0.0062,0.0203,-0.02034
21-08-2019,-0.0044,0.0203,-0.02027
22-08-2019,-0.0113,0.0202,-0.02022
23-08-2019,-0.0134,0.0202,-0.02022
26-08-2019,-0.0081,0.0204,-0.02042
27-08-2019,0.0019,0.0203,-0.02025
28-08-2019,-0.0002,0.0203,-0.02029
29-08-2019,0.0061,0.0202,-0.02023
30-08-2019,0.0096,0.0202,-0.02018
